-39.32422,-22.94531,-3.382812,-37.85938,-31.25781,-68.91016,-135.6562,-279.1797,-358.6406,-329.3008,-256.9297,-220.2539,-199.7148,-199.7148,-189.9375,-179.668,-158.6406,-80.89062,-54.23828,-77.95703,-26.36719,-27.34375,-19.27734,-7.539062,-25.14453,20.82031,11.28516,-17.32031,-26.36719,-9.984375,-14.14062,-19.76562,-14.38672,-14.14062,-4.363281,3.460938,12.01953,6.886719,-24.41016,-3.871094,9.085938,-16.09766,-10.47266,-22.94531,-7.539062,-7.296875,0.7734375,-24.89844,-21.96484,-1.429688,-27.10156,1.507812,-4.851562,0.7734375,19.59766,20.33203,23.51172,-3.871094,-30.03516,-30.76953,-14.38672,7.128906,10.79688,21.80078,25.46875,14.71094,-0.9375,-12.42969,-5.585938,-3.140625,-12.67578
-42.7023,2.774384,-2.11557,-27.78793,-43.92484,-38.54587,-47.59229,-40.5018,-48.81479,-65.19617,-33.41141,-20.20847,-54.92722,-42.21335,-60.7952,-119.4748,-66.90765,-34.14487,-46.61429,-28.03244,-9.206024,-6.272064,-14.58499,-44.9028,-14.09598,-12.629,-28.03244,-18.25247,-13.60703,-23.14243,-4.071564,-3.827057,-24.36496,-20.69748,-5.783051,-0.8930969,-15.80746,-44.16928,-51.25977,-48.81479,-48.81479,-44.9028,2.28537,3.996857,-26.80991,-11.40652,-3.338104,-23.63144,-11.65103,-28.27689,-54.92722,-31.69986,-32.43338,-18.49698,-36.34537,-19.47495,-18.74149,-8.961517,-19.71945,-28.7659,-46.12527,-53.70474,-26.32095,-22.65347,-15.56302,-33.90036,-26.5654,-25.34293,-30.72189,-21.91995,-11.89554
36.32031,66.39844,37.54688,-11.35938,-9.640625,-0.3515625,-28.96094,-61.96875,-32.38281,-14.53125,-18.20312,-14.28906,-14.78125,14.32031,9.671875,-24.80469,-13.55469,-61.96875,-323.3359,-673.4609,-706.2188,-410.625,-168.5703,-82.01562,-20.64844,-58.78906,-67.10156,-44.85156,-21.86719,-38.00781,-52.42969,-57.32031,-38.98438,-27.25,-47.05469,-32.625,-53.89844,-41.1875,-29.20312,-49.98438,-31.15625,-20.64844,-11.35938,-11.60156,-8.914062,-11.35938,-4.507812,-28.71875,-61.23438,-32.875,-21.625,-2.0625,30.69531,9.179688,4.78125,-23.09375,3.5625,-5,-11.10938,-18.20312,-50.23438,-47.05469,-22.84375,-34.82812,-9.398438,0.1328125,13.58594,-13.55469,-12.82031,-28.22656,-13.55469
-30.03125,-2.648438,-12.42969,-60.35156,-130.0312,-161.8203,-180.8906,-184.7969,-165.9766,-153.2578,-153.2578,-145.4375,-139.5703,-149.1016,-159.6172,-151.5469,-108.7656,-112.4297,-115.1172,-83.08594,-6.320312,41.11719,13.97656,-19.76562,1.507812,20.08594,14.71094,15.92969,8.109375,25.22656,32.80469,25.95312,8.59375,-4.117188,-1.429688,38.91406,57.25,-1.429688,27.67188,19.60156,-2.164062,45.51562,24.49219,13.48438,12.75781,17.89062,11.77344,11.03906,10.3125,-10.22656,-12.92188,2.242188,34.75781,17.64062,9.578125,4.4375,-26.85156,7.617188,-33.21094,-28.07812,-5.585938,13,-11.45312,-12.42969,-15.85156,-24.40625,21.3125,26.44531,27.42188,-0.203125,-35.41406
4.898438,12.71875,25.92188,-9.53125,-25.66406,-25.91406,-13.44531,9.789062,7.09375,-2.679688,3.1875,-21.75781,-157.2031,-290.2109,-315.3984,-313.4375,-340.8281,-338.1328,-358.1875,-384.5938,-262.3438,-106.8438,-56.96094,-10.50781,8.5625,30.32031,-23.95312,-26.15625,-1.703125,4.40625,38.88281,6.609375,28.85938,8.320312,-7.820312,-11.24219,3.914062,2.9375,-10.26562,-8.796875,4.40625,-4.148438,-44.98438,-39.60156,-35.20312,-14.42188,-21.02344,-10.01562,-25.42188,-25.66406,-5.125,0.7421875,-14.90625,8.320312,28.85938,-1.953125,-5.859375,-19.3125,-26.39844,-27.375,-23.46875,-38.625,-30.07031,-35.6875,-25.42188,-16.86719,-21.75781,2.453125,-11.48438,-16.86719,-11.97656
0.734375,0,-15.89062,-27.38281,-68.46094,-71.39062,-62.10156,-78.48438,-35.9375,-39.60938,-61.125,-53.78906,-44.98438,-51.58594,-53.54688,-61.125,-33.74219,-34.71875,-71.39062,-73.10156,-101.2188,-79.21875,-71.63281,-71.63281,-84.83594,-85.57031,-51.10156,-62.83594,-60.875,-59.41406,-73.10156,-98.53125,-67.96875,-68.21094,-70.41406,-58.92188,-65.52344,-69.19531,-80.19531,-78.23438,-77.01562,-83.125,-86.0625,-106.3516,-103.9141,-73.83594,-94.61719,-100.9766,-102.6875,-84.35156,-64.54688,-70.90625,-83.125,-103.9141,-111,-68.70312,-71.63281,-60.63281,-64.54688,-67.96875,-64.78906,-68.70312,-87.28125,-99.75781,-75.54688,-54.27344,-42.29688,-80.4375,-77.75,-90.21875,-96.57812
8.851562,-6.304688,1.515625,-58.14062,-219.0156,-316.3281,-353.25,-466.4531,-635.1562,-519.75,-237.6016,-99.46094,-32.71094,-5.570312,-21.21875,-18.03906,-60.82812,-79.40625,-71.34375,-72.5625,-51.28906,-67.92188,-55.44531,-62.78125,-48.84375,-52.02344,-21.46094,-30.50781,-56.42969,-36.86719,-35.64062,-38.08594,-44.20312,-24.88281,2.742188,23.76562,-6.304688,-64.25,-91.39062,-88.21094,-76.71875,-59.11719,-56.91406,-25.375,13.25781,-11.19531,-28.0625,-39.55469,-36.375,-1.65625,-15.35156,-45.91406,-58.875,-24.39844,-55.9375,-28.0625,-7.523438,-20,-37.35938,-62.04688,-49.33594,-32.21875,-30.26562,-35.15625,-24.64062,-6.0625,-13.14844,-53.49219,-50.5625,-57.89062,-29.77344
-15.9375,28.07031,20.49219,11.6875,6.796875,-7.140625,-34.03125,-39.17188,-14.22656,-28.65625,-16.92188,-17.16406,-22.78906,-16.1875,-21.5625,-9.828125,-28.41406,-38.67969,2.398438,9.484375,-25.23438,-42.59375,-43.57031,-92.22656,-250.9062,-595.1562,-703.9609,-456.5312,-195.8906,-78.78125,-17.16406,6.0625,-14.71875,-11.05469,0.4375,-6.164062,-11.29688,-18.38281,-24.25781,-22.05469,-32.07812,-50.90625,-49.4375,-47.72656,-12.27344,-52.85938,-22.78906,11.44531,2.148438,-38.67969,-74.86719,-51.88281,-61.42188,-37.46094,-27.42969,-19.85156,-39.41406,-72.17969,-61.66406,-65.32812,-23.52344,-37.46094,-33.05469,-10.5625,-25.71875,-26.21094,-27.67969,-23.27344,-52.125,-45.28125,-41.125
-31.46094,7.171875,35.53125,20.125,17.67969,11.8125,0.3203125,-27.54688,-26.8125,-13.36719,-26.08594,-19.23438,-18.01562,-26.32812,-4.078125,-14.10156,-26.57031,-14.83594,-9.945312,-31.70312,-28.77344,-62.26562,-41.97656,-30.72656,-16.30469,-6.28125,-27.79688,-21.67969,-41.48438,-57.13281,-52.24219,-63.24219,-61.04688,-41.24219,-35.375,-69.11719,-102.3672,-170.3359,-168.8672,-86.22656,-46.61719,-27.0625,-34.39844,-22.90625,-17.76562,5.945312,-18.99219,-29.50781,-43.19531,-41,-24.125,-15.57031,-34.14844,-26.57031,-7.5,-16.30469,-20.70312,3.5,-20.21094,-13.36719,10.59375,28.4375,24.28125,10.35156,0.3203125,-3.585938,-0.40625,-20.94531,-19.23438,-19.23438,-8.476562
-25.07031,-17.49219,-2.828125,-36.8125,-28.25,-38.27344,-101.1094,-131.6719,-120.4297,-97.44531,-63.21875,-67.125,-106.4922,-146.8359,-100.3828,-22.38281,-2.828125,44.60938,6.710938,-17.74219,11.10938,-12.60156,-6.984375,-3.070312,7.929688,-24.09375,-48.78906,-13.09375,-11.625,-11.14062,-10.15625,22.11719,2.554688,7.929688,6.710938,4.023438,-3.804688,14.28906,-6,-0.3828125,20.64844,-27.51562,-45.36719,-41.94531,-44.14844,-35.10156,-24.09375,11.60156,22.35938,-17.49219,-31.1875,0.109375,24.07031,14.78125,0.3515625,-19.69531,3.773438,-5.023438,-14.80469,-21.16406,-14.07031,-1.84375,-2.335938,-4.289062,-6,-1.601562,-5.757812,-10.64844,-7.710938,-11.38281,-34.36719
-29.24219,-9.921875,-3.078125,-24.35156,-43.42188,-165.1797,-307.9688,-403.0781,-395.5,-378.875,-365.9141,-357.6016,-320.4375,-202.8359,-83.03125,-45.86719,-45.375,-34.13281,-27.03906,-34.61719,-39.26562,-38.28906,-26.0625,-17.25781,0.5859375,12.8125,-0.6328125,12.32812,22.59375,-10.65625,-11.39062,-28.99219,-28.99219,-21.90625,-2.835938,2.546875,-5.03125,-33.39844,-9.1875,-11.14844,-28.50781,-11.39062,10.61719,3.523438,10.125,38.73438,11.59375,-1.367188,1.078125,7.1875,3.765625,2.054688,12.8125,3.03125,10.36719,-6.257812,-0.390625,12.8125,24.30469,-1.367188,15.25781,12.8125,4.992188,-18.96875,-6.5,-2.835938,-25.57031,-24.59375,-9.921875,-20.19531,0.34375
-15.59375,11.78906,17.89844,-60.09375,-199.4531,-285.2734,-329.7734,-331.7344,-322.6875,-336.8672,-335.1562,-207.7734,-108.0156,-52.51562,-43.71094,-7.773438,-8.257812,-25.85938,-19.75,-7.773438,-5.328125,2.257812,5.429688,10.8125,19.85938,-11.67969,-2.148438,-11.4375,-4.835938,39.90625,57.02344,28.17188,40.39844,19.85938,8.367188,-5.8125,-3.125,9.835938,-2.882812,13.74219,50.90625,38.4375,51.89062,40.14844,32.32812,45.28906,39.17188,26.46094,9.101562,11.78906,-2.390625,-1.65625,16.67969,-9.96875,10.57031,1.765625,-17.79688,-19.25781,-7.773438,8.367188,5.429688,-5.570312,9.835938,-6.0625,4.453125,-20.72656,-4.34375,4.695312,22.54688,12.52344,-0.4375
4.570312,4.078125,19.23438,-52.64844,-197.6328,-281.5,-365.3594,-415.4844,-404.7266,-361.6953,-359,-369.2734,-309.3672,-324.2812,-335.0391,-357.0469,-255.5781,-90.05469,-40.42188,5.054688,31.70312,19.23438,5.296875,-36.50781,-0.8125,7.992188,-11.57031,3.585938,-0.5703125,-20.85938,-2.28125,-26.48438,-37.24219,2.851562,-20.61719,-10.83594,7.257812,-3.992188,-34.3125,-48.49219,-44.08594,-29.66406,-3.992188,-35.53125,-22.08594,-2.523438,9.210938,28.28125,15.32812,-3.992188,-10.35156,5.296875,7.257812,-7.414062,2.851562,-3.015625,-22.82031,-21.59375,18.99219,15.8125,17.03906,-7.65625,-30.14844,-24.77344,-1.304688,-18.41406,-17.4375,-32.59375,-14.99219,17.76562,-4.476562
-5.65625,27.59375,29.30469,-32.0625,-149.6641,-249.1797,-302.2344,-335,-352.6016,-435.7266,-579.9844,-547.2188,-412.0156,-231.5703,-73.625,-27.41406,-21.30469,-13.72656,1.921875,0.2109375,7.546875,-22.03906,2.164062,8.523438,2.898438,-6.148438,15.85938,6.320312,-28.88281,-5.65625,10.47656,13.90625,24.17188,25.88281,9.015625,-18.125,-21.54688,-8.101562,4.125,15.85938,34.6875,16.59375,25.14844,37.86719,37.86719,6.078125,0.2109375,8.03125,19.03906,33.95312,43.97656,42.26562,10.23438,-13.72656,3.632812,-12.99219,16.35156,21.23438,30.28125,13.90625,-0.5234375,18.0625,9.5,-26.19531,-24.96875,-19.59375,-11.03906,30.53125,-6.632812,5.101562,27.35156
6.789062,5.5625,5.070312,-28.91406,-105.9297,-148.4688,-165.5859,-165.8281,-167.0547,-136.9766,-106.6641,-85.39062,-41.625,-30.13281,-15.71094,-14.97656,-22.0625,-34.28906,7.765625,-7.882812,-39.42188,-20.60156,-39.42188,-23.28906,-8.132812,-14,-20.60156,-36.25,-6.171875,4.34375,-33.3125,-42.85156,-17.42188,-26.95312,-81.23438,-118.6406,-113.2656,-96.14844,-69.5,-39.17969,-6.90625,32.46094,21.45312,-8.132812,-114.7266,-252.875,-346.2734,-392.4844,-408.125,-369.0078,-344.5625,-380.5,-367.5391,-294.6797,-154.5859,-56.04688,-38.44531,-23.53125,-10.82031,-8.132812,-24.02344,-36.25,-15.46094,-16.6875,-6.90625,-4.703125,-12.77344,37.83594,18.03125,8.984375,40.28125
-49.40625,-20.55469,3.40625,-19.09375,-62.125,-198.3047,-325.6953,-350.6328,-398.3047,-398.0625,-388.5312,-402.9531,-363.1016,-339.3828,-364.3203,-401.7344,-300.2656,-129.1172,-45.25,-47.94531,-34.25,-22.02344,-21.28906,3.890625,8.289062,13.91406,-20.3125,-35.22656,-23.49219,-38.16406,-15.91406,-4.421875,19.53906,-1.242188,6.09375,0.9609375,1.695312,-20.07031,-26.91406,-0.75,-17.13281,17.82812,31.03125,21.98438,10.25,-3.929688,11.96094,17.33594,29.32031,39.10156,-17.38281,-30.09375,-3.6875,12.20312,12.69531,2.914062,-4.664062,-5.890625,-25.44531,-39.38281,-35.71875,-33.02344,-1.484375,-2.710938,-9.070312,12.69531,16.60938,21.98438,-4.179688,-2.46875,-3.929688
-8.429688,-16.98438,-12.10156,-18.70312,-29.21094,-75.66406,-144.6172,-112.8281,-38.99219,-9.898438,-9.65625,8.929688,22.86719,34.10938,19.44531,45.85156,23.84375,-5.984375,-15.52344,1.835938,-7.453125,7.953125,26.28906,17,20.17969,9.90625,32.39844,47.3125,14.30469,1.351562,-17.23438,-15.76562,-27.5,-24.07812,-1.34375,-13.32031,-14.29688,14.79688,3.796875,33.86719,39.25,21.39844,-5.984375,-25.05469,4.773438,-4.03125,21.39844,7.953125,-29.46094,-30.4375,13.32812,32.89062,15.53125,47.5625,45.85156,15.53125,17,46.57812,13.57812,25.3125,34.60156,-0.359375,21.89062,12.84375,4.773438,13.82031,26.53125,11.61719,-13.8125,-18.70312,32.15625
29.26562,59.57812,4.8125,-77.09375,-136.0156,-149.4688,-148.9766,-161.2031,-159.7344,-149.9531,-139.6875,-131.375,-118.6562,-159.9766,-169.7578,-153.375,-126.9688,-124.5312,-137.9766,-146.5312,-159.4922,-131.6172,-137.7266,-157.5312,-147.0234,-151.9141,-186.3828,-243.3516,-332.1094,-337.7266,-251.1797,-213.0391,-139.9297,-63.40625,-39.44531,-32.84375,-1.296875,3.835938,-20.375,-11.32812,-15.96875,0.65625,20.94531,10.92188,-13.28125,-35.77344,-23.30469,-1.546875,25.59375,15.57031,-21.35156,-29.17188,-25.99219,9.460938,-3.5,-15.72656,21.67969,22.17188,21.19531,-10.10156,-15.23438,-12.30469,9.945312,24.85938,3.585938,3.34375,26.57031,12.88281,9.460938,33.17188,43.92969
1.867188,28.76562,0.890625,-52.64844,-27.96094,-22.08594,-14.26562,-37.73438,-47.27344,-24.04688,-10.84375,-31.625,-180.2812,-303.2656,-360.4766,-375.1484,-386.8828,-377.8359,-368.0547,-372.9453,-368.0547,-267.0781,-125.5156,-56.80469,-4.976562,-12.3125,-31.86719,-30.40625,8.71875,-25.26562,-10.35156,-1.0625,-11.82031,-11.32812,-46.29688,-9.375,5.296875,-34.80469,-15.24219,-0.0859375,-3.75,-0.328125,12.38281,16.05469,9.203125,10.1875,9.9375,-10.84375,-18.17969,-7.171875,-27.22656,-12.0625,-19.64844,-30.40625,-12.79688,-15.73438,-17.44531,-26,-32.85156,-47.51562,-26.49219,-31.625,-16.95312,12.14062,25.82812,24.36719,-9.867188,3.828125,5.046875,8.46875,9.453125
-8.992188,6.164062,11.54688,-4.59375,-7.523438,-25.85938,-35.39844,-50.79688,-45.91406,-60.57812,-41.02344,-14.36719,-25.61719,-26.59375,-16.8125,-26.35156,-30.01562,-52.51562,-68.15625,-37.84375,-44.19531,-33.6875,-73.78125,-72.3125,-60.33594,-69.38281,-131.7266,-149.0859,-145.4219,-166.9375,-156.4219,-172.3125,-105.0781,-60.33594,-51.28906,-58.625,-63.02344,-29.28125,-46.64062,-12.17188,0.7890625,-32.46094,-24.88281,-27.32812,-8.015625,-19.25781,-22.67969,-31.24219,-44.19531,-34.90625,-11.92188,-2.875,31.35156,-12.17188,-45.66406,-51.28906,0.546875,19.125,19.36719,4.453125,-4.101562,-26.83594,-33.4375,-37.35156,-31.24219,0.7890625,-10.94531,-36.86719,-56.17969,-41.02344,-28.55469
7.273438,-6.90625,11.4375,-14.24219,-11.0625,-0.7890625,-4.945312,-2.015625,-127.1953,-317.4141,-400.7891,-362.8906,-285.3906,-138.9297,-54.33594,7.523438,21.46094,33.67969,7.765625,-2.992188,4.34375,7.273438,23.41406,7.03125,13.63281,8.742188,-12.77344,18.76562,25.125,33.67969,21.70312,-11.79688,-20.84375,21.21094,25.125,30.99219,5.078125,5.078125,4.585938,8.5,0.921875,17.30469,36.61719,17.78906,-10.57031,12.65625,-11.54688,-9.59375,14.85938,12.89844,23.90625,40.77344,27.8125,10.45312,-24.50781,-28.66406,-21.08594,-19.125,-33.55469,-21.82031,-35.50781,-40.89062,-23.53125,10.70312,3.851562,4.34375,-34.03906,-29.64062,-25,-66.80469,-48.71094
-52.0625,-10.99219,8.085938,-12.94531,-26.63281,-41.79688,-45.95312,-18.07812,-8.296875,-29.32812,-15.63281,-70.89062,-201.6953,-277.25,-231.7734,-189.7188,-189.4688,-182.625,-194.6094,-175.0469,-173.3359,-179.9375,-191.4297,-172.3594,-181.1562,-209.5234,-207.5625,-196.0703,-153.7734,-125.6562,-150.8438,-122.4766,-27.125,-2.671875,5.640625,27.64062,30.32812,42.07031,33.50781,1.484375,11.50781,41.33594,50.13281,38.89062,51.35938,25.6875,23.24219,35.71094,56.73438,56.25,22.26562,40.35938,56.25,72.14062,57.46875,27.89062,19.32812,7.59375,14.19531,17.61719,33.02344,40.10938,47.9375,60.64844,54.04688,41.33594,41.57812,48.42188,54.28906,14.6875,21.03906
-2.789062,-18.4375,-14.28125,-27.48438,-170.7578,-252.9062,-288.6094,-326.0156,-323.3281,-314.5234,-267.0938,-163.9141,-84.9375,-45.08594,-26.01562,-38.72656,-19.90625,-57.07031,-40.4375,4.789062,-41.90625,-45.32812,-26.25781,-37.26562,-36.03906,-24.54688,-4.5,-9.875,7.726562,7.96875,-9.875,-28.70312,-10.60938,-32.61719,-22.83594,-32.375,-32.375,-17.21094,-39.46094,-46.3125,-41.66406,-24.79688,-22.59375,-10.36719,8.460938,44.89062,15.0625,-5.71875,-7.1875,1.125,20.19531,-5.234375,-22.35156,-4.5,10.41406,18.72656,-21.85938,-35.0625,-26.99219,-28.70312,4.304688,7.484375,25.08594,1.125,-10.60938,6.015625,-28.46094,-36.77344,-4.257812,-9.148438,-22.10156
9.640625,14.77344,-3.8125,-29.48438,-105.2812,-254.4219,-315.5469,-317.9922,-321.6562,-337.7969,-342.9297,-401.1172,-431.4375,-323.3672,-149.5312,-22.14844,-28.01562,-17.01562,17.46094,-2.835938,-2.585938,-4.054688,20.88281,-5.03125,-31.92969,-73.49219,-59.79688,-48.79688,-38.03906,3.039062,14.03906,-0.875,-10.89844,20.14844,29.19531,19.41406,-16.76562,-25.32812,-25.07812,-14.32031,-6.5,-25.57031,-8.453125,13.79688,-0.140625,-12.36719,-1.851562,11.59375,-6.007812,-3.320312,6.210938,21.125,-0.140625,6.210938,8.414062,4.992188,20.88281,2.304688,33.35156,25.28125,-9.4375,-0.390625,-15.30469,-17.99219,-6.992188,6.460938,8.90625,-28.50781,14.52344,38.24219,24.30469
-18.75,-17.52344,-11.89844,-35.125,-52.24219,-66.67188,-121.9219,-136.3516,-73.27344,-40.26562,-27.0625,-37.57031,-6.765625,8.390625,-10.92188,-26.57031,-3.34375,-9.453125,-20.46094,-28.77344,3.257812,9.367188,15.96875,19.39844,20.61719,-40.26562,-28.52344,32.60156,11.57031,-6.273438,-46.375,-39.77344,0.078125,-11.89844,-25.83594,-2.609375,-6.523438,-10.67969,-2.367188,-14.34375,-56.89062,-63.73438,-63,-65.20312,-57.13281,-40.99219,-31.21875,-39.03906,-58.60156,-35.375,-9.210938,-21.19531,-26.57031,-18.01562,1.054688,-8.96875,-50.53125,-58.60156,-42.71094,-48.57812,-12.63281,8.390625,-15.07812,-33.66406,-17.76562,-10.92188,-20.94531,-16.54688,-27.79688,-49.55469,-36.35156
53.71094,43.19531,5.304688,-28.6875,-41.89062,-44.57812,-28.4375,-43.35156,-66.57812,-62.42188,-54.84375,-69.51562,-210.8359,-325.9922,-335.5312,-347.0234,-362.4219,-359.4922,-359,-381.9844,-393.9688,-360.4688,-386.875,-473.1797,-398.6094,-192.0078,-78.32031,-21.59375,-20.61719,-14.01562,-27.95312,-14.01562,-16.70312,-22.57031,-34.55469,-33.57812,10.4375,-5.945312,-14.99219,-15.96875,-21.59375,6.765625,12.88281,-15.96875,-35.77344,-8.632812,-19.64062,-7.65625,-7.414062,-37.97656,-9.367188,-0.8125,5.789062,-3.5,3.34375,30.24219,7.015625,-8.632812,-10.10156,-8.632812,3.585938,14.83594,34.88281,47.60156,6.523438,-0.078125,11.65625,6.28125,5.054688,4.8125,3.585938
-23.13281,-24.60156,0.3359375,-25.09375,-67.63281,-103.3281,-133.8906,-142.6953,-102.8438,-97.21875,-68.60938,-31.69531,-33.89062,-35.11719,-45.38281,-43.67188,-8.710938,-2.351562,-36.09375,-38.29688,-43.42969,-41.96094,-13.35938,-42.45312,-40.00781,-16.28906,-29.73438,-40.98438,-39.27344,-29.49219,-43.1875,-55.65625,-45.38281,-64.70312,-71.30469,-54.1875,-44.16406,-34.625,-7,-18.25,-15.3125,-15.3125,-22.40625,-9.929688,-11.15625,3.515625,1.3125,-10.66406,-8.953125,-9.929688,26.5,18.1875,1.3125,-12.86719,-10.17969,-8.710938,5.710938,11.82812,4.25,-5.289062,-25.57812,-17.02344,-14.57812,-8.21875,-39.51562,-76.92969,-55.40625,-36.58594,-30.96094,-9.6875,4.25
-6.125,-7.59375,19.54688,-22.01562,-85.82812,-299.2734,-548.9062,-623.2344,-510.7656,-360.3984,-202.2109,-92.1875,-35.95312,-22.75,-11.99219,-6.859375,-18.10156,0.96875,14.17188,5.125,-0.5,9.765625,-1.96875,-30.32812,-15.65625,-17.125,-28.125,-4.65625,-0.7421875,-10.76562,-2.453125,-3.679688,-51.60156,-55.02344,-19.07812,26.64062,27.85938,4.632812,-14.19531,-33.01562,-33.99219,-17.125,-2.210938,12.46094,34.95312,15.14844,-11.99219,-27.88281,-26.90625,-39.13281,-19.8125,-23.23438,-48.42188,-30.08594,2.921875,9.039062,45.21875,39.60156,-6.859375,-13.21094,-15.90625,12.21094,26.14844,13.4375,11.72656,1.453125,28.35156,36.66406,25.41406,31.03906,24.4375
-33.89844,6.195312,12.55469,-27.05469,-136.3438,-198.6953,-154.6797,-71.30469,-51.01562,-63.72656,-30.47656,-22.89844,-3.578125,-26.5625,-29.5,-41.96875,-59.82031,-36.83594,-21.92188,-29.5,-7.25,-21.92188,-20.69531,-3.578125,-11.40625,-4.5625,-6.757812,-6.273438,-0.40625,2.289062,-33.65625,-27.53906,20.38281,-3.578125,-15.80469,-46.36719,-7.007812,6.445312,26.25,5.953125,-9.9375,11.08594,30.40625,44.58594,39.69531,22.82031,43.60938,53.63281,46.29688,37.74219,28.20312,35.04688,23.80469,30.89062,21.60156,68.54688,72.21094,57.05469,35.29688,34.07031,46.78125,38.96094,36.27344,5.21875,32.11719,34.3125,50.45312,37.98438,33.82812,31.86719,48.25
-25.63281,-15.35938,-5.828125,-31.25781,-62.54688,-149.1016,-287.2422,-223.9219,-100.6953,-20.98438,-13.40625,-7.296875,-6.3125,25.71094,11.53125,-3.140625,-14.38281,-11.69531,-29.05469,-9.25,-27.34375,-31.25781,-10.96094,-35.41406,-31.5,-27.34375,-47.39062,-29.78906,-3.140625,12.50781,-11.9375,-26.85156,6.398438,33.04688,61.41406,16.91406,17.39844,20.33594,13.49219,9.335938,-1.179688,-18.53906,-13.40625,2,-15.60938,8.109375,32.07031,18.625,-16.09375,-7.78125,0.53125,11.04688,6.890625,3.710938,-0.9375,13,42.09375,41.85156,24,4.445312,7.617188,-2.15625,-23.1875,-25.38281,-15.60938,-26.60938,-21.71875,-31.00781,-10.96094,-21.22656,-6.3125
19.19531,8.679688,-2.078125,-33.13281,-65.89062,-100.8516,-147.0625,-183.25,-177.625,-122.6172,-62.96094,-32.39844,-10.14844,-30.6875,-43.64062,-44.13281,-39.73438,-12.10156,-17.96875,-5.5,28.24219,28.97656,16.99219,18.46094,26.28125,17.72656,5.992188,7.703125,14.78906,-5.257812,23.35156,20.66406,12.34375,37.03906,23.83594,43.89062,50.73438,27.50781,45.84375,41.19531,27.75,34.10938,37.28906,42.66406,34.84375,45.10938,68.09375,63.9375,63.44531,78.60938,73.96094,55.13281,45.10938,57.09375,57.33594,40.95312,43.15625,49.75781,52.6875,60.02344,40.95312,37.03906,2.320312,52.20312,62.22656,48.28906,31.17188,49.75781,47.79688,62.96094,59.78125
10.10938,11.33594,-22.40625,-32.42969,-129.9844,-290.625,-321.9219,-336.3438,-376.4453,-362.2578,-313.3594,-333.4141,-234.875,-93.07031,-46.85938,-58.35156,-62.75,-27.78906,-27.05469,-3.335938,-7.25,-12.625,-5.539062,13.28906,13.53125,6.929688,36.02344,56.5625,56.5625,15.49219,31.14062,28.20312,23.3125,35.78125,17.20312,14.50781,-2.851562,9.375,16.95312,-17.27344,-9.9375,-32.67969,-35.36719,-19.22656,-26.8125,-9.453125,13.28906,-0.40625,-24.85156,-4.5625,4.484375,-2.117188,2.289062,13.53125,20.13281,6.445312,5.710938,-4.5625,0.8203125,-21.42969,-25.34375,-23.14062,-13.35938,9.132812,-5.046875,9.132812,19.15625,31.86719,15.73438,-15.80469,-27.29688
-12.96875,-16.14844,-14.92188,-21.03906,-20.30469,-39.86719,-129.5938,-272.3828,-332.7734,-333.0156,-334.2422,-307.8359,-293.6562,-307.8359,-361.1328,-262.8438,-113.9453,-73.11719,-66.02344,-42.3125,-1.96875,18.57031,-30.32812,-63.57812,-45,-14.4375,-10.28125,-0.7421875,14.90625,17.35156,-3.921875,-30.32812,-48.91406,-67,-33.01562,-22.99219,-22.75,1.210938,-26.41406,-18.83594,-34.48438,-36.92969,3.164062,-36.6875,-50.375,-32.77344,-35.95312,-26.90625,-52.33594,-45,-45.73438,-61.13281,-33.99219,-34.24219,-21.03906,-16.63281,-27.39844,-43.77344,-51.84375,-41.82031,-0.2578125,27.125,47.66406,41.55469,20.52344,22.96875,-28.125,-27.88281,2.1875,-22.99219,3.65625
59.34375,50.05469,23.39844,-25.25,-155.8125,-277.5781,-368.2812,-478.3125,-535.2734,-508.1406,-433.8125,-368.5312,-355.5703,-345.7891,-326.2344,-397.3828,-587.6016,-691.2656,-574.1484,-375.375,-261.4375,-201.5391,-182.2188,-160.2188,-174.8828,-147.0156,-157.7734,-168.5312,-171.9531,-203.7344,-187.3594,-187.8438,-161.6797,-173.6641,-166.8203,-178.0625,-177.3281,-171.7109,-177.8203,-181.7344,-172.6875,-188.8203,-185.8906,-172.6875,-165.8438,-185.6406,-216.6953,-189.7969,-181.7344,-188.8203,-170.2422,-165.3516,-202.2734,-181.4844,-174.8828,-188.0859,-172.6875,-165.3516,-178.7969,-225.25,-203,-190.2891,-175.8672,-147.9922,-163.8828,-155.8125,-151.6562,-154.1016,-158.75,-173.1719,-168.7734
4.648438,6.851562,-10.75781,-115.6406,-240.5859,-322.9766,-338.875,-325.9141,-344.7422,-205.1328,-70.41406,-41.32031,-23.71094,2.445312,0.984375,6.117188,1.960938,-1.710938,17.85156,12.47656,1.46875,-10.26562,-24.44531,-43.75781,-21.75781,-19.3125,-26.15625,-41.80469,-29.33594,-23.71094,-19.55469,10.75781,36.67969,21.03125,-3.171875,-3.90625,-5.867188,-3.421875,13.20312,5.875,9.539062,4.648438,7.335938,12.47656,-6.84375,-3.171875,8.320312,-22,-11.97656,-0.2421875,5.140625,9.78125,7.335938,5.875,-20.53125,17.35938,-8.3125,-25.67188,-30.5625,-40.58594,-35.20312,-38.625,-12.46875,4.648438,0.4921875,-8.554688,-8.3125,10.51562,15.64844,-2.6875,20.78906
-50.42969,-28.17969,1.15625,-28.91406,-59.23438,-195.6641,-505.6875,-671.2109,-613.2656,-370.2344,-158.9844,-61.42969,-15.46875,6.296875,-10.82031,-6.421875,-15.71094,-25.25,-7.640625,6.296875,4.828125,5.3125,-40.40625,-31.85156,0.671875,-39.91406,-35.51562,-47.49219,-12.53125,12.40625,-5.929688,-22.55469,-13.26562,-35.02344,-19.625,12.40625,-7.398438,-22.55469,-22.3125,-1.773438,17.29688,38.57031,6.78125,-0.3046875,9.46875,-6.421875,45.90625,42.96875,16.5625,1.40625,10.9375,-4.710938,-5.6875,18.51562,23.89844,6.296875,-24.26562,-16.44531,13.14062,-8.617188,-10.08594,29.27344,29.76562,17.05469,-6.421875,-20.84375,1.40625,-2.507812,-11.79688,-18.15625,4.828125
-4.273438,-2.070312,3.546875,-8.921875,-22.125,-21.63281,-8.671875,-16.25781,-28.96875,-54.39844,-183.7344,-276.8906,-318.9453,-324.0781,-348.7734,-374.4453,-349.5078,-295.9609,-181.5391,-106.7188,-60.02344,-66.13281,-23.83594,11.61719,26.28906,3.0625,-33.85938,-21.39062,-8.429688,-21.14844,-12.58594,-36.54688,-33.125,-3.539062,10.39844,-13.32031,-32.63281,-10.39062,-17.71875,-25.54688,12.10938,-7.695312,-10.39062,-11.11719,-2.5625,16.50781,-10.875,-1.09375,1.101562,16.01562,-25.05469,-46.57031,-26.28125,-16.99219,-27.25781,-26.03125,-16.74219,-31.90625,-43.39062,-48.28125,-36.30469,11.375,30.6875,51.96094,27.26562,26.77344,1.351562,3.304688,-12.82812,-5.984375,2.570312
5.898438,20.07812,3.703125,-21.48438,-33.95312,-43.73438,-13.41406,-22.70312,-17.32812,-40.0625,-148.1328,-287.5,-351.7969,-363.7812,-322.2188,-316.8359,-343.4844,-349.8438,-335.4219,-261.3359,-130.7734,-37.86719,18.61719,22.52344,-20.01562,-2.898438,23.75,7.859375,35.97656,25.70312,0.03125,22.52344,10.78906,4.679688,-5.59375,-21.24219,3.945312,23.25781,-10.48438,-1.921875,31.82031,18.85938,-4.367188,24.72656,13.47656,-11.94531,-2.65625,-2.171875,-11.21094,21.78906,43.55469,37.19531,8.835938,0.2734375,0.5234375,22.77344,15.4375,5.164062,16.41406,-9.75,18.36719,20.8125,-16.59375,-18.0625,-39.08594,-49.84375,-15.61719,-36.39844,-38.35156,-31.75,-67.20312
-36.73438,-4.703125,-16.92969,-29.89062,-154.8281,-301.7656,-354.5781,-409.1016,-438.4453,-329.8906,-158.7344,-81.23438,-42.84375,-31.60156,-34.53125,-49.9375,-48.22656,-43.57812,-38.6875,-4.945312,-2.992188,5.8125,4.34375,-10.32812,3.851562,-6.414062,-27.6875,-3.234375,0.921875,-25.48438,-57.02344,-21.82031,-9.835938,-32.82031,-9.351562,10.94531,-0.3046875,-3.96875,-25.24219,-43.82031,-3.484375,40.77344,41.01562,49.57812,34.17188,16.32031,-5.195312,-15.21875,24.39062,7.03125,-5.4375,-8.375,11.67969,12.16406,-17.66406,18.28125,9.96875,28.78906,-10.57031,7.03125,18.52344,1.65625,-6.414062,-2.5,11.1875,-0.546875,-4.703125,-3.96875,13.14062,1.65625,6.296875
15.08594,-11.8125,-7.164062,-22.57031,-31.36719,-87.85156,-326.7266,-515.9688,-552.8828,-517.6797,-382.2266,-202.7656,-57.77344,10.67969,22.66406,9.21875,4.8125,31.46875,37.82031,8.96875,-11.32031,14.59375,38.07031,46.38281,66.42969,47.35938,47.10938,-12.29688,15.08594,19.24219,-7.65625,11.66406,7.992188,39.78125,31.46875,34.89062,35.625,9.953125,-0.8125,9.703125,5.304688,14.59375,43.9375,34.39844,-16.70312,11.17188,13.61719,-19.39062,-4.476562,14.83594,37.82031,42.46875,4.8125,-8.390625,-3.007812,-0.078125,-1.296875,9.460938,1.882812,-33.57031,24.375,48.82812,52.98438,30.73438,8.234375,18.26562,7.507812,21.6875,23.14844,20.21875,49.07031
-18.79688,20.32812,-12.4375,-22.95312,-33.95312,-53.26562,-121.7266,-146.4219,-110.7266,-74.29688,-28.57031,-20.25781,-3.882812,-8.039062,-9.5,0.765625,10.30469,11.03125,-24.90625,-45.20312,-45.6875,-26.61719,11.52344,20.8125,23.99219,17.14844,-9.5,-10.96875,11.28125,45.26562,9.570312,-13.17188,-13.17188,-28.57031,-37.375,-39.08594,-43.73438,-21.96875,-10.96875,-2.898438,-20.99219,-20.50781,-19.53125,-13.90625,3.453125,-21.48438,-14.64062,16.17188,-0.9453125,-7.304688,5.414062,11.03125,-15.125,-14.88281,-0.2109375,22.03906,34.99219,10.05469,-20.75,-9.75,11.28125,20.57031,12.5,-2.65625,-10.72656,8.101562,28.88281,6.390625,15.92188,53.82031,48.44531
4.070312,4.804688,-1.0625,-40.92188,-80.53125,-246.0547,-338.9609,-390.0625,-455.3438,-418.1797,-355.3438,-200.3359,-66.59375,-18.67188,-11.09375,33.89844,36.82812,57.60938,1.132812,6.023438,25.82812,24.85156,1.867188,11.64844,11.64844,3.578125,7.492188,10.67188,17.51562,-8.15625,2.84375,5.53125,-24.04688,-29.1875,-11.57812,-3.757812,-9.382812,1.625,15.5625,-14.26562,-50.70312,-44.82812,-35.29688,-35.05469,-47.27344,-62.1875,-37.25,-10.35938,-18.17969,-21.35938,-23.5625,2.359375,-7.421875,-15,-23.07031,-17.69531,3.335938,-19.40625,-65.36719,-82.97656,-64.39062,-46.29688,-11.33594,-9.132812,10.42188,17.02344,27.05469,12.13281,-12.80469,-5.953125,8.46875
-33.26562,-29.35156,-13.71094,-20.79688,-49.15625,-127.3984,-236.6875,-323,-368.7188,-447.6953,-479.7188,-404.9062,-375.0781,-380.4531,-398.7891,-390.7266,-438.1562,-459.1797,-442.8047,-439.1328,-378.2578,-283.875,-161.6328,-74.10156,-50.14062,-25.44531,-23.97656,-13.71094,-30.33594,-39.13281,-18.84375,-6.859375,-24.71094,-25.6875,-19.32812,-42.07031,-4.90625,1.695312,-11.50781,-29.35156,1.203125,8.296875,-35.95312,-51.60156,-53.5625,-49.15625,-31.79688,-60.64844,-45.49219,-36.20312,-43.28906,-24.21875,18.5625,15.39062,-13.46094,-7.59375,-38.15625,-18.10938,-11.26562,-44.51562,-15.17188,5.117188,16.125,-6.375,-3.4375,-3.929688,-17.13281,0.4765625,1.203125,16.60938,3.40625
5.234375,0.09375,9.390625,-37.07031,-24.84375,-166.4062,-245.625,-108.7031,-43.91406,6.210938,2.789062,10.60938,27.47656,9.140625,9.390625,2.296875,30.41406,40.4375,18.4375,-17.01562,-8.21875,4.742188,-8.703125,6.453125,-3.328125,-9.4375,-13.84375,4.25,11.34375,-2.59375,9.390625,-2.101562,-20.6875,-25.08594,8.40625,22.83594,23.07812,30.90625,-5.28125,-9.195312,-3.078125,10.11719,33.10156,37.01562,66.84375,75.89062,3.03125,-7.242188,23.07812,10.36719,17.94531,49,47.28125,26.99219,24.30469,-1.367188,-27.03906,-3.570312,19.16406,13.05469,16.71875,26.75,14.28125,2.539062,-4.304688,3.273438,22.59375,10.36719,-3.328125,24.78906,10.85156
12.32812,31.88281,-10.89844,-40.48438,-139.0156,-430.4609,-617.2578,-668.3594,-588.6484,-431.6797,-303.8125,-116.7656,-27.77344,-36.32812,-35.10938,-26.79688,-35.35156,-43.66406,-15.54688,-1.851562,-36.08594,-29.24219,-24.59375,-17.5,7.4375,25.53125,22.59375,15.50781,-14.32031,18.4375,35.79688,-8.945312,5.726562,-2.835938,-23.61719,-5.03125,-13.59375,-0.390625,28.95312,30.42188,27.97656,-1.609375,-12.85938,-4.789062,10.85938,-29.72656,-27.03906,-13.59375,-47.82031,-24.83594,-36.32812,-34.61719,37.02344,10.36719,-28.01562,-18.96875,-5.523438,16.72656,19.17188,31.88281,13.0625,-15.54688,-34.61719,-8.945312,-8.945312,-1.367188,26.75,40.6875,9.390625,39.46875,32.61719
7.125,19.10156,24.23438,-47.39844,-128.0859,-166.2266,-185.0547,-196.7891,-194.8359,-167.4453,-180.4062,-178.4531,-168.4297,-172.3359,-185.7891,-167.4453,-176.4922,-158.1562,-140.0625,-119.0391,-174.5391,-198.0078,-196.7891,-174.5391,-147.1562,-133.7109,-53.75781,-4.125,16.65625,7.609375,18.61719,20.57031,-6.8125,9.320312,13.96875,8.34375,-2.414062,22.28125,23.75,29.61719,37.92969,32.79688,40.375,7.609375,-8.28125,-17.32812,-13.17188,-18.54688,-2.65625,11.03125,-1.4375,-32.73438,-35.42188,-14.14844,1.5,9.570312,4.679688,-10.23438,31.82031,24.96875,1.5,4.679688,-3.882812,-22.95312,-2.414062,22.77344,-13.90625,-7.789062,-19.53125,-2.414062,12.75
-24.48438,-9.8125,9.75,-40.13281,-243.0625,-328.6406,-307.6094,-294.4062,-280.9609,-256.7578,-149.1719,-58.71094,-11.76562,-32.30469,-33.77344,-2.476562,-18.36719,-19.34375,9.507812,13.41406,0.9453125,6.8125,-1.984375,7.304688,-6.390625,0.9453125,-22.28125,-32.79688,-27.90625,-11.76562,-18.60938,-11.76562,20.75,22.21875,-10.78906,-20.8125,4.859375,-0.5234375,8.039062,-9.8125,-40.13281,-3.695312,26.375,5.835938,-7.125,0.9453125,9.015625,7.0625,-1.25,-26.92969,-17.39062,-17.39062,1.4375,6.078125,-3.695312,24.17188,39.82031,63.04688,31.75,12.67969,2.171875,-7.125,4.617188,-38.66406,-22.28125,10.96875,18.30469,-5.898438,-7.609375,-5.65625,0.2109375
9.78125,2.445312,-2.929688,-40.33594,-27.13281,-26.89062,-31.28906,-29.09375,-112.4688,-189.2422,-262.5859,-361.1172,-388.5078,-413.9297,-472.3672,-375.0547,-187.2812,-69.92188,-57.94531,-57.69531,-30.80469,-41.32031,-44.25,-36.42969,-41.32031,-51.34375,-38.875,-30.5625,-43.03125,-24.20312,-37.64844,-64.29688,-20.04688,-17.10938,-4.398438,-5.617188,-61.60938,-43.03125,-60.39062,-67.96875,-54.76562,-53.05469,-27.86719,-36.91406,-29.09375,-45.96094,-31.28906,-3.664062,-24.9375,0.734375,-13.20312,-17.84375,-0.9765625,-4.890625,-20.28906,-23.46875,-16.86719,-10.50781,10.75781,-8.554688,-11,3.179688,-9.53125,-11.49219,5.382812,10.03125,11.00781,-9.53125,-35.9375,-28.60156,-10.75781
25.89844,17.82812,2.179688,-96.59375,-260.4141,-329.3594,-347.9375,-358.6953,-485.5938,-459.6797,-277.2812,-116.1562,-41.58594,7.3125,-1.242188,-29.60156,-22.26562,-26.91406,-38.64844,-10.28906,8.046875,-16.15625,-21.53906,0.9609375,-7.351562,-44.51562,-45.74219,-33.02344,0.9609375,-24.46875,-32.29688,-32.78125,-48.92188,-49.65625,-60.65625,-44.27344,-29.85156,-56.74219,-27.89062,-23.49219,-19.33594,-22.75781,-58.94531,-45.25,-30.33594,5.851562,16.60938,21.5,4.140625,-21.78125,-28.38281,-4.421875,23.69531,21.5,34.94531,26.63281,-5.15625,31.52344,26.14062,2.421875,16.60938,26.14062,22.71875,29.5625,30.53906,9.757812,7.070312,15.875,15.875,0.9609375,22.22656
-1.710938,1.710938,2.445312,-76.77344,-128.3672,-79.21875,-6.117188,21.51562,26.40625,4.890625,14.91406,-11.74219,24.6875,44.25,16.13281,-4.40625,-0.734375,7.578125,33.25,23.71094,0,-4.890625,2.195312,38.625,39.35938,33.73438,20.28906,32.75781,32.27344,9.289062,-7.335938,10.02344,-3.429688,7.328125,11.97656,21.26562,-14.1875,-3.429688,36.67188,44.49219,21.75781,1.710938,-18.58594,-19.5625,-23.71875,-48.90625,-45.96875,-44.5,-27.63281,-7.585938,13.20312,16.86719,-23.71875,-37.41406,-28.11719,-4.40625,11.97656,26.40625,0.2421875,-33.25781,-12.22656,1.460938,8.796875,-17.85156,-29.83594,-4.648438,-15.16406,-23.47656,16.375,-8.3125,-13.69531
-55.86719,-38.99219,-16.5,-83.73438,-224.8125,-430.1953,-585.2031,-525.3047,-315.5234,-129.2109,-20.41406,7.703125,24.82031,-4.765625,-30.67969,-37.28125,-6.71875,-44.61719,-62.95312,7.703125,5.507812,-23.10156,0.125,8.679688,33.13281,27.75,1.34375,-22.85938,0.125,9.90625,0.125,-11.36719,-20.41406,-35.57031,-21.63281,28.97656,28.73438,17.24219,23.59375,10.64062,0.859375,22.13281,53.17969,53.42188,30.92969,6.726562,32.64062,27.26562,41.44531,27.50781,-4.765625,11.61719,25.79688,29.95312,-18.21094,9.171875,17.72656,26.77344,1.835938,-10.39062,9.90625,16.75,-6.476562,0.859375,-5.742188,-11.60938,-25.30469,-22.85938,-5.007812,25.0625,3.546875
4.0625,-25.76562,-6.453125,-17.69531,-67.32812,-55.10938,-79.3125,-138.2344,-87.86719,-43.85938,-39.21094,-40.19531,-54.125,-36.28125,-42.88281,-25.03125,-5.71875,-0.828125,-43.61719,-54.125,-35.05469,-40.67969,-7.429688,-43.36719,-54.125,-30.89844,1.617188,16.53125,-36.76562,-47.52344,-9.382812,-11.34375,6.015625,31.6875,-25.03125,-48.01562,-54.61719,-41.17188,-28.21094,-15.25,6.265625,-0.3359375,9.4375,3.570312,-23.8125,-13.05469,3.085938,12.13281,4.0625,9.195312,-3.515625,-3.273438,26.79688,0.640625,-19.40625,-18.1875,-3.03125,-13.05469,-32.36719,-49.96875,-33.83594,-27.96875,-7.429688,-8.648438,-35.78906,-42.39062,-28.45312,-12.32031,1.617188,-0.5859375,-35.78906
7.992188,-9.609375,2.125,-62.17188,-188.0938,-276.1094,-325.2578,-369.75,-326.4766,-318.8984,-261.4375,-119.1406,-48.96875,-15.71875,-19.39062,-12.53906,0.4140625,3.835938,6.773438,1.640625,15.57812,9.460938,-17.92188,-20.36719,-29.16406,-62.66406,-59.24219,-29.16406,-29.16406,-19.875,-8.140625,-16.69531,-10.34375,-43.83594,-47.01562,-31.36719,-15.47656,-25.74219,-7.898438,-20.60938,-10.82812,-7.40625,-7.164062,-14.25,9.953125,9.953125,-5.453125,-1.046875,-17.42969,5.0625,23.15625,27.07031,0.6640625,-13.52344,16.55469,16.55469,-5.695312,-13.52344,9.21875,-13.52344,3.835938,-0.5625,-13.03125,-23.78906,-6.429688,1.882812,-10.09375,6.28125,-9.851562,-26.72656,-14.98438
-46.91406,-7.304688,-9.015625,-35.42188,-66.71875,-31.50781,-56.69531,-187.2578,-270.6328,-291.4141,-335.9141,-480.1641,-468.9219,-394.5938,-284.0781,-130.2891,-79.92188,-18.3125,-13.90625,-0.703125,18.125,31.57031,0.2734375,-43.25,-6.328125,-4.859375,-37.13281,-42.02344,0.03125,22.52344,25.45312,6.875,-29.3125,-7.0625,8.34375,6.140625,2.476562,-30.04688,-17.08594,1.25,-41.78125,-56.9375,-16.84375,-35.91406,-52.04688,-56.20312,-28.57812,-53.75781,-59.63281,-30.28906,-39.33594,-21.24219,-32.24219,-41.53906,-22.46875,-27.35156,-12.19531,4.429688,22.76562,19.83594,-9.992188,16.89844,16.16406,0.765625,4.1875,4.429688,-11.95312,15.42969,-12.4375,-39.57812,16.65625
-4.304688,6.203125,6.9375,-13.84375,-105.7734,-278.6328,-456.1406,-529.4922,-327.0469,-147.8281,-68.60938,-31.9375,-55.89844,-57.11719,-32.91406,-14.57812,18.92188,17.69531,-27.28906,-13.35156,-2.59375,-25.82031,-13.84375,-45.38281,-46.11719,-25.09375,2.539062,0.828125,13.29688,34.8125,17.45312,-1.617188,1.5625,16.22656,20.38281,19.65625,29.67969,11.58594,33.58594,39.21094,23.8125,5.46875,42.39062,74.17969,64.14844,75.64062,20.38281,27.47656,14.03125,27.23438,26.74219,31.14844,64.88281,36.52344,-1.859375,13.53906,20.63281,30.41406,-7,-21.17969,-7.976562,26.00781,20.14062,-6.015625,-17.02344,-32.42188,7.429688,17.69531,-18,-42.69531,0.5859375
-33.625,-12.10938,6.71875,-38.51562,-204.2812,-342.4219,-379.1016,-388.8828,-424.0859,-422.6172,-237.2891,-98.65625,-27.75781,2.804688,14.29688,3.054688,-11.13281,-17.24219,23.10156,-1.835938,-27.75781,-26.04688,-5.992188,-20.66406,-32.39844,-5.015625,21.39062,14.29688,-17.48438,-27.75781,-15.77344,-8.195312,-37.28906,-45.85156,-27.02344,-31.91406,-18.71094,-3.546875,-8.4375,-1.835938,-11.61719,-3.796875,-29.46875,-34.35938,-9.90625,-17,14.78906,7.210938,1.585938,9.164062,1.828125,-4.039062,8.921875,-2.570312,-20.90625,-15.28906,-5.257812,41.19531,19.1875,16.00781,-5.992188,12.34375,27.01562,0.609375,1.828125,14.78906,20.41406,-7.21875,-1.101562,2.5625,-6.726562
5.703125,5.21875,7.664062,-10.92188,-95.51562,-261.7734,-460.7969,-630.9688,-607.7422,-319.9688,-130.9688,-65.6875,-29.75,-3.34375,-3.828125,-14.10156,-35.61719,-7.742188,-29.99219,-26.32031,-50.28125,-33.65625,-30.72656,-13.85156,19.88281,-17.52344,-50.77344,-41.48438,-6.765625,3.257812,-37.07812,-23.39062,0.8125,15.72656,28.92969,-2.851562,-5.789062,15.97656,6.195312,-4.5625,-24.36719,-14.10156,8.148438,6.195312,30.39844,12.30469,-15.8125,39.44531,-17.03125,-17.52344,-7.007812,-5.539062,39.9375,42.625,35.04688,35.04688,18.42188,11.32812,28.92969,45.5625,57.53906,53.14062,5.703125,-12.39062,-13.11719,16.21875,31.375,-3.828125,-6.273438,15,11.57031
27.54688,31.70312,21.4375,-63.64844,-181.5,-280.0312,-423.3047,-558.0234,-459.4922,-220.375,-73.42969,5.539062,-23.30469,-10.59375,47.10938,26.57031,-6.929688,-2.773438,-9.375,-4.484375,4.8125,-1.789062,6.273438,2.117188,-0.8125,13.125,-0.8125,-20.13281,-1.546875,-6.195312,-18.41406,4.320312,17.76562,5.539062,-25.26562,-42.13281,3.585938,6.765625,-19.14844,-24.03906,-13.03906,1.632812,7.984375,-2.28125,3.585938,-17.6875,1.382812,5.789062,-26.73438,-13.77344,7.742188,-22.32812,29.25781,46.13281,-5.945312,-25.26562,14.58594,25.83594,27.30469,34.39062,40.99219,40.75,54.6875,26.57031,10.67969,-15.48438,-3.015625,21.67969,-3.992188,6.273438,54.44531
-29.07031,-45.20312,-9.023438,-13.17969,-53.52344,-52.53906,-30.04688,-26.625,-29.80469,-80.90625,-67.45312,-52.29688,-29.5625,-43.98438,-95.32812,-139.0938,-134.4453,-107.5547,-94.10938,-71.85938,-72.59375,-47.64844,-30.53906,-9.507812,-8.53125,-24.42188,-9.757812,-7.796875,2.46875,-8.53125,-0.4609375,11.03125,15.67188,34.25781,21.78906,-22.22656,-35.42969,-6.328125,10.53906,-20.02344,-32.49219,-27.11719,-14.15625,-25.64844,-26.86719,-52.05469,-64.76562,-12.6875,12.98438,22.03125,-9.265625,5.648438,-6.085938,3.203125,-25.89062,-28.82812,-37.625,-1.929688,30.83594,-20.75781,-17.33594,-0.4609375,-10.48438,-14.39844,-14.64844,4.914062,-1.929688,-3.882812,6.140625,1.492188,11.27344
32.35938,13.53125,-3.335938,-68.86719,-192.8281,-284.0234,-315.0781,-357.8594,-372.0391,-296.9844,-164.7109,-38.30469,30.64844,20.375,-12.14062,9.132812,30.39844,3.75,18.17969,32.10938,26.24219,16.21875,22.57812,10.84375,8.148438,13.03906,-3.828125,-2.117188,-10.1875,10.84375,2.53125,10.35156,20.13281,36.51562,1.0625,-27.29688,-16.05469,7.171875,-2.609375,-1.382812,-5.78125,24.53125,51.42969,25.26562,-15.5625,-21.92188,0.0859375,4.484375,-2.117188,2.28125,-4.320312,25.02344,33.82812,30.39844,51.91406,22.33594,23.55469,26.97656,20.13281,-12.38281,-13.11719,2.773438,-6.273438,9.617188,-8.476562,6.4375,14.02344,29.17969,55.82812,32.84375,23.55469
-2.914062,6.375,4.421875,-30.54688,-167.2188,-299.0078,-308.0469,-311.7188,-329.8125,-319.7891,-306.5859,-289.4688,-297.2891,-221.5,-84.82031,-22.96875,-5.609375,-5.359375,-23.21094,-21.98438,-29.57031,-13.67188,11.02344,33.51562,54.78125,63.58594,41.09375,36.20312,26.66406,40.11719,19.82031,-0.46875,16.39844,21.53125,11.75,-10.25,28.625,38.64844,35.46875,21.53125,21.78125,25.9375,-5.359375,-3.164062,13.71094,-4.140625,-29.32031,-10.00781,20.55469,37.17969,71.41406,79.47656,65.78906,53.5625,60.89844,39.86719,35.22656,33.51562,43.78125,40.11719,42.3125,45.98438,45.49219,30.57812,28.38281,12.48438,14.44531,34.73438,64.5625,80.21094,31.55469
-1.164062,-14.60938,-21.46094,-62.04688,-64.49219,-142.4844,-247.8672,-399.2109,-450.0625,-381.3594,-362.0469,-268.6484,-113.6328,-42.97656,-9.234375,3.476562,-7.765625,7.148438,-14.36719,-4.585938,-2.390625,-21.46094,-22.92188,-13.39062,-14.125,-26.59375,-29.28125,-20.23438,-16.57031,-17.54688,5.679688,9.59375,-6.789062,-15.10156,-30.75,-28.79688,16.19531,-11.1875,-19.75,17.66406,-24.88281,-11.67969,1.765625,26.95312,0.546875,-3.609375,-0.1875,11.30469,7.640625,-8.5,-8.007812,-3.367188,2.992188,39.42188,40.89062,33.79688,25.48438,-8.007812,-27.57031,0.546875,19.85938,10.8125,-18.52344,-8.007812,-12.41406,28.17188,29.88281,-10.45312,-7.03125,26.21875,17.66406
11.53125,24.24219,9.085938,-37.85938,-107.2969,-136.6406,-164.2656,-154,-136.6406,-149.5938,-120.2578,-128.5703,-138.1094,-169.3984,-166.7109,-164.0234,-139.0859,-129.0625,-49.84375,-44.95312,-29.0625,2.484375,0.28125,3.210938,21.55469,-26.125,-18.78906,-27.10156,-19.52344,10.54688,-13.65625,-12.1875,-21.23438,-30.77344,-28.8125,-44.71094,0.28125,19.10938,46,16.66406,-4.851562,19.84375,-16.10156,-19.03125,3.460938,6.148438,26.44531,18.125,11.53125,23.01562,25.71094,3.703125,28.39844,33.28906,13.72656,34.50781,37.92969,44.53125,10.30469,-7.546875,16.41406,32.79688,24.48438,21.0625,16.90625,39.64844,8.59375,-5.585938,-9.992188,-4.117188,19.84375
0.359375,-1.601562,7.203125,-54.89844,-203.3125,-298.9141,-342.4297,-363.7031,-349.2734,-339.25,-271.0391,-134.3594,-51.23438,-40.71875,-12.60156,-4.78125,-9.914062,23.58594,47.29688,17.96094,-4.046875,1.578125,-5.023438,21.625,11.11719,0.359375,-22.14062,-2.335938,13.80469,21.14062,32.63281,22.11719,29.69531,6.710938,-9.914062,4.023438,-1.359375,13.3125,-4.78125,-22.38281,-0.8671875,-18.96094,-42.67969,-24.58594,11.35938,-35.82812,-27.75781,-32.16406,-15.04688,-12.35938,-57.34375,-67.61719,-43.40625,-35.82812,-49.52344,-25.07031,-26.04688,15.51562,34.09375,-4.046875,-12.35938,-1.601562,5.242188,-14.5625,-51.71875,-26.29688,-11.38281,-9.914062,10.38281,25.53906,17.46875
-40.25781,-40.75,-13.125,-66.91406,-93.80469,-90.38281,-72.78125,-77.67188,-137.3281,-143.6797,-84.27344,-22.41406,-21.92188,-24.36719,-12.14062,9.125,-11.40625,-40.50781,-32.92188,-48.32812,-61.28906,-23.39062,0.328125,-24.125,-27.05469,14.99219,-21.4375,-33.65625,-23.14844,-22.41406,-49.0625,-27.78906,-5.539062,-1.140625,-11.65625,-1.140625,25.75,29.42188,52.40625,51.17969,-8.234375,-2.117188,-5.054688,-25.10156,6.679688,-8.476562,-15.5625,-7.984375,18.90625,56.3125,68.05469,31.625,11.57031,9.859375,18.42188,41.39844,15.72656,-9.210938,4.234375,16.95312,-3.34375,13.77344,28.6875,42.13281,13.03906,-23.39062,7.414062,-2.609375,-8.234375,-0.1640625,-24.85938
9.632812,21.125,-9.195312,-137.7969,-266.6484,-362.25,-371.7812,-365.9141,-362.4922,-340.9766,-319.4609,-237.5547,-176.6719,-116.7734,-61.03125,-39.26562,-21.90625,-9.929688,1.320312,17.45312,7.429688,-1.367188,6.210938,-40.73438,-32.66406,-5.523438,-7.234375,-8.21875,27.23438,32.61719,20.88281,27.96875,3.765625,7.1875,-2.59375,-7.96875,8.164062,-13.35156,-5.039062,-29.48438,-21.42188,1.8125,-10.17188,2.539062,-17.26562,-18.72656,-2.835938,-17.26562,-13.10938,-5.773438,-12.375,-37.55469,-17.01562,-29,-31.92969,-24.35156,-12.375,20.63281,-3.328125,5.476562,6.453125,-50.51562,-48.80469,-37.55469,-25.57812,-27.28906,-27.53125,-16.53125,-14.82031,12.57031,-12.125
-17.65625,-12.28125,-0.0546875,-18.63281,-29.88281,-113.5,-140.6406,-137.7109,-178.5391,-160.4453,-125.4844,-79.75781,-53.10938,-39.90625,-36.24219,-26.95312,-26.95312,-16.19531,22.6875,11.92188,16.08594,-6.65625,-27.67969,-14.72656,29.03906,36.375,-25.48438,-34.53125,-5.4375,-2.257812,5.328125,3.125,-17.41406,-24.01562,-17.90625,-29.88281,-28.17188,-15.94531,10.46094,11.4375,-21.32812,-46.26562,-28.41406,-45.77344,-21.32812,20.72656,-0.296875,-46.50781,-32.08594,-36.72656,-16.67969,-16.67969,-55.79688,-43.08594,-45.28906,-19.61719,-5.679688,-4.945312,-13.25781,-20.10156,-9.835938,-25.96875,-46.75,-20.35156,19.25781,-19.61719,-34.77344,-14.47656,-1.523438,-16.19531,-24.75
-3.148438,-13.17188,-3.640625,-28.33594,-39.82812,-43.98438,-43.98438,-36.15625,-69.16406,-66.47656,-98.99219,-123.4453,-159.3828,-146.4297,-65.74219,-39.82812,-49.11719,-23.44531,-6.085938,10.05469,22.28125,-10.24219,-5.59375,3.203125,0.515625,9.804688,19.34375,37.4375,16.40625,8.09375,-9.265625,0.515625,-0.953125,-27.10938,-42.51562,-28.57812,-16.59375,-14.64062,-60.60938,-45.9375,-26.625,10.53906,10.29688,-6.328125,3.695312,-33.22656,-31.51562,-29.55469,-36.89062,-12.92969,-10.72656,-58.89844,-57.1875,-2.664062,15.42969,-3.882812,-40.55469,-39.57812,-37.38281,-38.11719,-41.78125,-43.49219,-24.42188,5.40625,19.34375,-5.351562,-6.820312,38.41406,18.36719,-11.21875,-4.375
12.22656,3.421875,-5.625,-58.67969,-168.7031,-230.5625,-293.3984,-345.4766,-314.4219,-366.5,-460.1484,-400.4844,-328.1172,-265.2812,-181.9062,-80.19531,0.2421875,22.00781,2.445312,-30.80469,4.15625,0,-7.578125,0,-0.9765625,12.71094,-34.47656,-51.83594,-27.875,-10.51562,20.53906,-3.421875,4.890625,2.203125,2.6875,-4.15625,14.42188,26.16406,-1.46875,-25.67188,-44.5,-21.51562,-17.35938,-38.14062,-34.22656,-17.85156,-34.22656,-35.21094,26.64844,3.664062,-7.335938,-3.664062,-10.26562,-18.82812,-6.84375,-2.203125,-14.67188,-7.820312,-3.664062,4.648438,-5.132812,-46.45312,-47.42969,-32.03125,6.601562,16.14062,0.9765625,-5.867188,-17.85156,-15.89062,-19.3125
-0.0390625,3.382812,-8.84375,-36.22656,-55.53906,-92.95312,-116.1797,-157.7422,-146.4922,-111.2891,-121.8047,-114.2188,-78.03906,-97.59375,-114.4688,-113.4844,-120.8203,-97.84375,-99.30469,-90.99219,-81.94531,-95.39844,-125.9609,-160.9219,-88.30469,-25.71094,-1.015625,-37.44531,-65.32031,-50.40625,-31.82812,1.179688,-5.421875,-21.80469,-9.085938,-28.64844,-36.96094,-41.11719,-26.44531,-56.76562,-34.51562,-37.69531,-20.33594,11.69531,15.35938,2.890625,-20.08594,30.76562,-1.507812,17.80469,-3.710938,-12.02344,-2.726562,-18.86719,5.828125,1.671875,-14.71094,-1.265625,2.15625,13.40625,5.09375,11.20312,27.10156,4.601562,5.828125,18.29688,-9.328125,-39.89062,-46.00781,-21.07031,-14.21875
-9.210938,-6.523438,-8.234375,-57.86719,-132.4375,-187.4531,-178.6484,-182.8047,-146.625,-74.25,-33.66406,-19.72656,3.257812,-18.25781,-19.96875,-19.72656,-3.59375,-17.52344,-41.24219,-20.95312,-20.21875,-16.0625,-19.96875,2.765625,21.59375,27.70312,30.88281,16.70312,-5.304688,-22.41406,-19.72656,-26.08594,6.921875,19.14844,19.64062,10.83594,-36.10938,-48.57812,-43.92969,-13.85938,14.01562,5.703125,13.76562,22.08594,32.35156,27.95312,15.96875,21.35156,-18.01562,24.28125,11.8125,10.34375,11.57031,-6.523438,23.79688,34.55469,7.414062,36.75,19.39062,2.03125,15.48438,31.375,24.28125,6.1875,-25.35156,-4.570312,13.28125,-12.63281,-2.367188,32.84375,26.24219
-23,-19.82031,-19.09375,-55.76562,-46.22656,-31.80469,-63.10156,-119.3359,-158.9453,-117.625,-20.80469,15.875,23.69531,-9.0625,1.203125,10.25,2.671875,-17.625,-27.89062,-27.64844,-51.36719,-22.51562,-15.17969,-17.13281,-16.89062,-26.91406,-12.49219,-1.976562,18.5625,29.8125,11.96094,-6.132812,-7.109375,-37.67188,8.296875,3.15625,-0.015625,12.69531,7.804688,-3.445312,28.82812,69.42188,46.67969,24.67188,9.757812,-6.867188,-16.39844,18.5625,8.539062,-2.710938,-0.5078125,-25.69531,-20.3125,-11.75781,33.96875,24.42969,2.914062,-7.84375,-16.64844,-16.64844,-15.91406,18.5625,12.69531,2.671875,-3.445312,0.2265625,12.69531,-6.132812,-41.33594,-45.49219,-79.48438
-3.523438,12.36719,-17.21875,-98.39062,-193.2578,-252.1797,-268.5625,-315.75,-297.4141,-315.9922,-260.0078,-101.0781,-20.64062,-0.59375,1.851562,-16.72656,0.6328125,12.125,-23.82031,-39.46875,-41.42188,-34.82031,-33.60156,-15.26562,-13.0625,-16.72656,-7.929688,-25.77344,-42.64844,-20.39844,16.28125,19.94531,15.05469,21.16406,23.36719,7.476562,-9.148438,-5.96875,19.94531,-8.414062,-26.26562,6.742188,5.765625,2.828125,25.8125,-11.35156,-46.07031,-35.07031,-32.375,-17.71094,-18.6875,-10.125,-9.398438,-2.796875,3.320312,-2.0625,-18.19531,-45.09375,-43.86719,-52.67188,-52.17969,-46.80469,-48.51562,-36.28906,-8.171875,-15.01562,-36.28906,-49.25,-24.55469,6.007812,-14.28125
-14.28906,-3.773438,1.84375,-111.3594,-267.5938,-340.2031,-346.8047,-334.3359,-373.2109,-382.0156,-330.6719,-191.7969,-62.70312,7.226562,22.63281,10.64844,25.80469,11.38281,24.58594,36.5625,7.226562,9.429688,16.51562,14.07031,2.09375,-10.375,-14.04688,-13.80469,-16,-0.84375,-13.55469,-9.890625,-7.6875,-31.64844,-39.22656,-31.64844,-20.89062,13.33594,48.30469,22.14062,12.85156,9.429688,24.34375,15.29688,-14.04688,-10.375,18.47656,-14.28906,-47.53906,-29.20312,1.359375,15.78125,2.578125,4.539062,12.60156,6,-6.953125,-11.60156,6.734375,3.554688,-2.3125,-0.6015625,12.85156,-6.21875,-2.796875,-2.554688,-17.46875,-22.11719,-34.09375,-45.09375,-9.398438
-17.58594,4.171875,-5.601562,-100.2266,-171.1328,-145.2109,-80.42188,-63.0625,-36.65625,-48.63281,-29.32031,-53.52344,-31.76562,-15.875,-20.27344,-19.29688,-3.648438,-6.09375,-24.92188,-37.875,-0.7109375,18.60156,24.22656,-2.914062,7.351562,12.97656,-25.89844,-39.83594,-41.05469,-22.47656,-7.804688,-25.65625,-37.63281,-68.92969,-31.27344,-46.4375,-48.14844,-40.07812,-45.46094,-51.8125,-43.5,2.460938,10.77344,21.53125,14.20312,8.085938,-9.273438,3.929688,11.02344,1.484375,8.820312,53.5625,50.63281,50.63281,45.49219,34.73438,44.51562,32.78125,-4.140625,31.80469,43.78125,26.91406,-2.429688,12.24219,11.02344,7.84375,34.73438,23.97656,-3.40625,12.73438,22.51562
11.65625,-1.304688,-7.664062,-42.13281,-126.4844,-154.1172,-142.3828,-252.4062,-376.3672,-369.7656,-188.1016,-53.14062,-27.21875,-28.6875,-4.234375,11.89844,13.36719,8.96875,-15.48438,31.21094,26.8125,27.54688,40.99219,46.85938,61.53125,32.19531,6.03125,-5.703125,-12.30469,17.76562,32.4375,20.70312,12.39062,6.273438,0.8984375,6.765625,13.125,14.83594,-3.015625,-10.83594,-29.17969,-44.09375,-44.33594,-13.77344,-29.42188,-26.24219,-10.35156,-20.86719,-11.32812,-12.54688,-8.882812,-13.28125,13.85156,-4.96875,-6.679688,-17.6875,-7.414062,3.34375,16.54688,1.382812,-12.79688,-24.53125,-39.6875,-28.44531,-27.21875,-7.414062,-0.8125,14.34375,2.367188,-29.17969,-36.75781
-38.26562,-20.42188,12.10156,-26.77344,-172.25,-282.2734,-342.4219,-389.3672,-374.2109,-391.5703,-393.5234,-268.5859,-126.2891,-70.53906,-70.53906,-45.35938,-6.234375,-2.078125,11.36719,18.70312,-18.95312,-17.97656,-12.59375,-48.53906,-39.97656,4.273438,-20.90625,-56.85156,-34.35156,-22.61719,-12.59375,-16.75,-11.375,-2.078125,-11.61719,-18.46094,-50.98438,-21.14844,-17.48438,-65.64844,-50,-6.484375,24.07812,-15.77344,-34.84375,-4.039062,-21.64062,-40.95312,-48.28906,-73.96094,-33.86719,-35.08594,-26.53125,-16.99219,-39.97656,-44.625,-39.24219,-35.57812,-36.55469,-52.69531,-38.26562,-35.82031,-57.09375,-60.75781,-53.91406,-33.625,-2.570312,-0.6171875,-29.71094,-47.80469,-33.625
2.914062,7.804688,-11.75,-26.66406,-54.78125,-54.04688,-178.5,-307.1094,-438.6484,-537.4219,-468.2266,-389.0156,-291.2109,-160.6484,-73.85156,-45.49219,-23.48438,-22.75781,-23.48438,-27.89062,6.09375,7.804688,3.164062,-22.26562,-58.69531,-47.44531,-23.48438,-40.11719,-25.92969,8.789062,20.03125,-23,-35.46875,-18.84375,8.539062,-12,-48.91406,-29.84375,-18.35156,-1.484375,17.10156,27.125,30.05469,-2.953125,-23.48438,-14.92969,-36.9375,-30.82031,-23,-44.02344,-58.45312,-56.98438,-24.71094,21.25781,1.203125,-16.15625,2.914062,8.789062,1.695312,-2.460938,15.39062,38.61719,21.74219,17.83594,8.054688,24.67969,22.71875,12.69531,13.42969,-12.48438,-12.24219
18.36719,11.52344,2.96875,-31.99219,-140.0625,-256.2031,-269.6484,-303.6328,-360.8438,-361.0938,-332.7266,-329.5469,-316.8359,-325.1484,-351.7969,-279.1797,-137.6172,-51.79688,-48.625,-18.54688,6.632812,-35.66406,1.742188,14.46094,10.78906,1.742188,-2.164062,-18.0625,-46.66406,-51.55469,-12.92188,6.390625,-22.46094,-12.4375,-9.015625,20.08594,27.17188,8.59375,-10.72656,-12.67969,-1.921875,18.61719,0.765625,14.70312,34.50781,34.26562,-4.609375,-10.47656,2.96875,38.42188,53.57812,35.72656,33.77344,19.35156,17.39062,-5.835938,4.679688,20.8125,25.21875,1.007812,-15.61719,-29.54688,-27.59375,-22.94531,18.125,35.48438,12.5,-27.59375,-22.46094,-17.07812,-14.63281
31.1875,26.29688,-5,-128.4766,-250.9688,-320.8906,-326.5156,-337.0312,-367.8359,-375.9062,-362.2109,-266.125,-128.4766,-29.69531,-12.09375,45.11719,51.96875,20.91406,16.51562,16.26562,11.86719,17,10.39844,-20.89062,1.84375,-2.804688,-14.53906,-18.9375,-25.05469,-12.33594,17.25,-5.976562,-4.265625,-8.421875,-18.9375,7.46875,9.179688,15.28906,-16.98438,-23.58594,-20.89062,-29.45312,-13.07031,15.28906,8.445312,-23.58594,-23.33594,-27.49219,3.796875,13.33594,19.44531,9.914062,22.625,18.22656,-14.78125,-11.11719,-8.421875,-16.25,7.226562,28.74219,10.15625,-0.109375,8.9375,2.085938,23.60156,29.96094,40.47656,20.67188,18.22656,7.953125,-15.02344
10.11719,8.648438,-1.867188,-35.35938,-158.5859,-298.4375,-328.2734,-353.6953,-379.6172,-371.0547,-352.2344,-295.0156,-177.9062,-101.375,-69.10156,-23.38281,-7.484375,-0.8828125,-13.35938,-34.38281,-8.953125,31.63281,13.04688,6.203125,16.47656,-2.109375,-8.953125,4,7.914062,-17.26562,-20.9375,10.85156,-23.625,-16.78125,13.29688,37.5,11.09375,24.29688,41.65625,30.40625,31.39062,9.382812,10.85156,-5.773438,-43.42969,-13.35938,5.71875,17.69531,2.046875,11.09375,48.5,26.25,24.05469,-11.89062,19.64844,32.85156,6.203125,6.445312,-2.109375,-18.97656,-11.89062,5.226562,-12.86719,-2.351562,12.5625,15.49219,28.21094,25.76562,-9.203125,-12.13281,-15.3125
-7.484375,-1.375,-12.375,-44.64844,-31.44531,-28.75781,-18.49219,-17.50781,-21.66406,-35.35938,-24.35938,-31.44531,-21.91406,-47.58594,-83.77344,-139.2734,-137.3125,-168.8594,-158.5859,-166.4141,-168.6094,-183.7734,-197.7031,-195.9922,-171.7891,-147.3359,-158.8281,-155.6562,-160.7891,-176.4375,-159.0781,-142.9375,-155.8984,-175.9453,-196.7266,-192.3281,-170.5703,-157.8516,-124.8438,-27.28906,-38.29688,-27.78125,4.984375,-18.49219,-54.67188,-46.35938,-15.55469,7.429688,4.007812,27.47656,29.92188,11.82812,31.63281,34.8125,27.47656,4.734375,19.65625,41.41406,10.60938,-16.04688,-23.38281,15.25,19.16406,6.453125,-3.820312,18.67188,6.9375,-9.6875,10.85156,8.648438,-21.91406
23.99219,24.48438,0.2734375,-22.71094,-102.6562,-260.6016,-324.1719,-376.7422,-448.1328,-498.9922,-669.1641,-772.5859,-698.7422,-519.2812,-401.6797,-357.6719,-377.9609,-379.4297,-446.4219,-532.9766,-453.0234,-278.4531,-109.2578,-26.61719,-15.85938,1.984375,40.85938,21.05469,-15.85938,-26.86719,-26.61719,-21.24219,6.390625,9.078125,-11.95312,-0.2109375,28.39062,32.79688,9.8125,-9.992188,-26.13281,-22.46094,-14.39844,-5.835938,-35.42188,-1.921875,-12.4375,-7.546875,1.984375,-17.82031,-6.8125,21.54688,39.64062,26.67969,25.46094,-1.921875,-2.90625,-2.65625,-8.773438,-0.703125,-12.4375,1.984375,15.1875,48.44531,42.08594,26.4375,40.85938,26.4375,24.23438,47.71094,62.86719
-10.82031,-8.375,-14.97656,-26.21875,-44.07031,-52.625,-60.9375,-46.75781,-38.44531,-56.29688,-147.9844,-260.6953,-314.7266,-390.0391,-372.1875,-386.125,-314,-194.1953,-133.0703,-62.16406,-19.13281,-18.64062,-17.42188,-7.148438,-48.22656,-28.17969,-16.92969,-13.75,-37.71094,-32.33594,-1.039062,-40.64844,-46.51562,-56.53906,-43.33594,-24.02344,-26.21875,-33.80469,-50.67188,-66.07812,-56.05469,-19.375,-54.82812,-43.33594,-15.71094,-10.57031,-12.53125,-29.64844,-15.95312,-22.3125,-27.20312,24.39062,-5.195312,-20.84375,-17.17188,-3.726562,-17.17188,-19.61719,-36.97656,-16.6875,-0.0625,10.94531,-13.26562,-45.04688,-28.17969,-15.71094,18.76562,1.648438,8.984375,54.21875,24.63281
-12.80469,-8.164062,-15.00781,-88.84375,-204.25,-299.8516,-347.0391,-320.1406,-339.7031,-383.7109,-403.0312,-321.6094,-148.2578,-28.21094,10.42188,-12.5625,14.08594,-11.09375,-5.476562,5.28125,-22.83594,-17.45312,0.1484375,10.90625,9.195312,15.3125,28.51562,50.27344,32.67188,39.02344,34.13281,35.11719,-3.757812,-14.27344,13.60156,16.77344,37.3125,61.03125,54.1875,60.78906,33.39844,14.08594,-12.5625,-4.742188,-7.671875,20.92969,28.75781,49.04688,24.60156,21.17969,31.20312,4.0625,-0.09375,11.39844,-12.80469,-0.5859375,20.20312,-18.67969,-10.60938,-10.35938,-14.76562,-5.226562,23.13281,41.71875,31.6875,27.04688,16.53125,6.75,-12.07812,-5.226562,11.39844
8.453125,14.07812,-5.726562,-32.375,-159.5156,-288.8516,-327,-329.9297,-316.9766,-335.3125,-285.4297,-130.6641,-38.24219,-6.945312,-13.0625,-21.85938,-7.679688,-40.9375,-17.21875,-2.789062,-6.703125,1.851562,4.789062,17.99219,19.70312,-22.84375,-22.84375,-15.25781,11.39062,17.74219,32.90625,9.921875,-8.664062,-6.21875,-0.1015625,19.94531,17.99219,1.609375,-9.640625,-7.4375,2.828125,17.01562,-21.61719,-12.32812,16.52344,-21.85938,-24.55469,-16.24219,3.5625,19.94531,-10.375,-35.0625,-57.5625,10.16406,10.65625,-15.01562,0.6328125,24.83594,-3.28125,-38.49219,9.429688,29.23438,-25.03906,-35.55469,-12.57031,-20.88281,-33.10938,-44.10938,-47.28906,-26.50781,-10.125
9.015625,-3.453125,-1.742188,-62.38281,-203.9453,-268.9844,-316.9062,-326.6797,-325.7031,-279.9844,-148.9297,-45.50781,-26.6875,-46.48438,-10.78906,26.61719,31.01562,17.8125,21.96875,27.10938,64.75781,31.26562,30.53125,18.30469,-4.679688,28.32812,34.19531,28.08594,25.64062,-6.632812,27.10938,-0.28125,-3.210938,-3.210938,21.96875,32.24219,-3.703125,-21.79688,-23.99219,-4.1875,42.26562,20.99219,28.57031,48.625,26.125,38.35156,6.570312,31.75,50.82031,30.28125,-24.72656,-13.72656,9.992188,22.70312,18.0625,16.35156,16.83594,33.46094,58.89062,31.50781,-5.171875,-21.0625,12.67969,28.57031,22.46094,3.875,11.46094,12.4375,31.50781,10.47656,-25.70312
-5.351562,-10.24219,-5.601562,-76.25781,-341.2969,-575.7656,-704.1328,-656.4531,-344.9609,-105.3516,-34.20312,13.22656,30.34375,9.3125,-4.867188,3.9375,16.16406,-11.95312,7.601562,28.875,17.875,12.73438,37.1875,10.29688,-11.71094,11.02344,-26.14062,1.976562,30.09375,19.09375,23.5,40.125,31.8125,1,-4.132812,4.421875,25.21094,8.828125,-6.820312,-3.398438,-6.820312,-10.97656,18.11719,-1.445312,16.16406,14.9375,41.34375,32.29688,-10,6.382812,12.98438,3.445312,6.140625,14.20312,25.69531,9.5625,0.0234375,13.71875,18.11719,2.960938,-3.640625,0.515625,24.96094,37.92188,19.82812,49.65625,60.41406,51.61719,50.39062,48.4375,66.03906
-26.34375,-14.85156,18.64062,-54.70312,-111.4297,-134.8984,-75,-10.9375,-8.492188,-29.52344,-26.34375,-18.03125,-18.76562,-5.804688,-19.98438,-47.61719,-34.65625,-50.0625,-32.21094,2.265625,51.40625,22.55469,0.3046875,28.42188,8.132812,-7.757812,-11.42969,-14.85156,-40.03906,-23.89844,-20.71875,1.773438,-4.09375,-4.828125,11.79688,10.82031,5.929688,4.460938,-6.539062,-10.9375,-12.64844,-13.14062,-6.296875,-2.625,17.17969,3.726562,-3.601562,-17.29688,17.42188,69.25781,50.91406,14.97656,2.265625,0.796875,-14.11719,-20.47656,-44.4375,-14.60938,15.46875,4.953125,-0.9140625,-24.875,-13.63281,-4.828125,5.195312,-21.21094,-41.99219,-34.41406,1.773438,36.49219,20.10938
0.2421875,-3.179688,-13.20312,-115.4062,-236.6797,-316.875,-313.4531,-296.3359,-254.0391,-277.75,-317.3594,-389.7344,-405.625,-372.375,-309.7812,-152.3281,-40.34375,2.929688,-20.29688,-3.429688,-10.75781,-28.36719,-41.32031,-45.47656,-28.85156,-17.85156,-37.65625,-63.82031,-46.94531,-42.78906,-39.36719,-9.296875,-24.21094,-17.35938,-6.117188,-3.179688,-9.78125,1.953125,4.882812,49.875,70.89844,20.78125,17.35938,21.51562,0.2421875,1.953125,2.6875,-3.429688,4.15625,-4.890625,7.820312,-8.070312,-1.71875,7.085938,-21.51562,-37.89844,-51.35156,-22.5,-48.90625,-47.67969,-18.34375,-19.5625,-38.63281,-18.82812,-0.25,-4.15625,-9.046875,-37.16406,-50.36719,-10.03125,-20.05469
38.92188,13.49219,-8.023438,-16.57812,-18.04688,-66.21875,-194.5781,-258.6328,-300.6875,-332.9609,-320.9844,-318.7812,-298.2422,-154.4766,-41.76562,-25.38281,-16.82812,-6.554688,-18.53906,-47.39062,-35.16406,-8.515625,-6.3125,2,-20.25,-23.42969,-5.578125,-10.46875,-23.42969,-10.22656,-6.070312,-9.25,7.132812,5.421875,24.25,-16.33594,-4.109375,14.96094,2.734375,-22.20312,-57.89844,-33.21094,-13.64844,-18.29688,0.2890625,6.398438,-13.40625,-15.60156,-22.9375,-30.03125,14.22656,16.17969,-1.914062,-19.27344,-8.265625,20.09375,18.38281,-11.20312,-33.9375,-29.78125,-38.58594,-26.85156,4.445312,-8.023438,-23.17969,-29.53906,-16.57812,-25.875,-4.109375,-1.914062,2.734375
17.20312,21.11719,25.27344,-41.71875,-169.3516,-283.0391,-325.0938,-375.4609,-382.0625,-357.6094,-335.6094,-345.6328,-325.8281,-316.0469,-231.2109,-89.39844,-42.45312,-7.734375,17.44531,26.25,-3.578125,-25.09375,-18.25,21.85156,31.14062,17.20312,50.94531,43.60938,15.98438,15.98438,-3.335938,-18.25,3.023438,13.53906,-7,-4.070312,5.46875,-8.960938,11.33594,22.58594,3.507812,-17.27344,-20.45312,-11.40625,-11.64844,12.55469,33.82812,-3.09375,-1.867188,25.75781,20.625,8.648438,9.867188,8.890625,18.91406,41.89844,36.27344,20.14062,3.265625,-8.226562,-3.578125,22.09375,26.25,33.09375,34.5625,50.21094,30.16406,15.25,17.20312,35.53906,22.33594
56.76562,35.00781,7.375,-58.64062,-211.9375,-282.1094,-253.75,-205.0938,-190.6641,-199.4688,-189.2031,-176.2422,-128.5625,-154.7266,-160.3516,-174.2891,-177.2188,-189.6875,-218.2969,-214.875,-187,-202.4062,-125.3828,-26.11719,21.80469,43.32031,48.21094,25.96094,28.89062,29.625,16.17969,-9.007812,-2.890625,19.84375,13.97656,37.20312,39.16406,31.82812,41.35938,23.75781,18.625,36.46875,10.79688,-6.070312,30.85156,31.33594,16.42188,24,37.69531,8.351562,-14.875,-7.78125,-3.382812,10.3125,50.89844,40.38281,28.64844,27.42188,27.91406,-14.14062,-9.25,19.60156,9.578125,6.640625,-16.09375,-39.57031,-16.09375,24.73438,24.49219,11.53125,-35.41406
-9.007812,-11.45312,-3.875,-68.17969,-215.3672,-289.9375,-335.4141,-371.1094,-392.3828,-363.7812,-214.1484,-86.27344,-34.19531,-32.72656,-25.14844,2.726562,12.99219,-4.117188,-16.83594,-26.85938,-16.10156,22.28906,-10.23438,-0.2109375,7.367188,-2.40625,-33.70312,-35.17188,2.484375,0.0390625,-33.70312,-16.83594,21.0625,53.82812,23.01562,2.726562,16.17188,22.53125,67.76562,55.78125,60.17969,60.17969,20.32812,12.01562,-1.671875,-0.6953125,-6.078125,-12.1875,-26.125,8.59375,40.375,43.55469,24.97656,21.55469,-2.164062,-16.10156,-24.65625,6.148438,-3.632812,-19.76562,-3.875,-9.5,-14.39062,-19.76562,5.65625,11.77344,14.46094,-2.40625,7.125,24,15.19531
34.71875,34.47656,23.46875,-63.57031,-237.8984,-351.1016,-394.625,-388.5078,-327.3828,-295.6016,-254.7656,-166.9922,-43.27344,-4.890625,28.60156,29.82812,47.67969,38.875,2.6875,14.17969,22,26.89062,27.14062,47.1875,26.89062,41.5625,64.78906,19.07031,3.179688,11,2.6875,10.26562,-10.02344,-33.74219,-21.75781,2.6875,3.914062,8.554688,2.203125,-13.20312,-10.75781,-30.07812,-19.5625,-11.25,-37.65625,-19.32031,-8.070312,-49.63281,-27.875,-56.47656,-40.34375,-35.94531,-18.09375,-14.91406,5.625,-11.49219,-20.53906,8.3125,-0.2421875,22.49219,-0.2421875,-2.9375,-4.398438,9.53125,6.359375,-17.35938,-3.914062,7.820312,6.359375,-5.867188,-19.32031
-9.984375,14.46094,10.79688,-72.57812,-194.3359,-300.9375,-368.4219,-353.5078,-398.0078,-388.9609,-250.0859,-90.67188,-38.10156,-14.875,-9.984375,-13.65625,7.859375,-29.54688,-33.46094,-7.054688,-27.59375,-32.72656,-15.85156,13.48438,57.98438,19.10938,14.21875,20.32812,5.90625,-9.25,-9.25,-12.92188,3.460938,14.95312,-19.03125,-3.382812,23.02344,-18.29688,-16.83594,14.71094,5.171875,-8.03125,10.0625,43.5625,24.24219,23.26562,18.375,12.50781,23.26562,-3.875,-26.60938,11.28125,22.28906,13,19.10938,2.726562,-5.34375,-18.29688,0.5234375,9.570312,-9.984375,-19.27344,2.726562,-3.632812,26.6875,10.30469,-11.21094,7.125,-15.36719,-13.16406,-36.39062
-24.25,-27.42969,-20.34375,-29.63281,-143.0781,-268.0156,-317.4062,-332.8125,-345.5234,-375.8438,-361.6641,-264.5938,-125.4766,-38.67969,-1.515625,-20.09375,-9.335938,2.15625,3.132812,-16.42969,-11.53906,-38.67969,-19.85156,0.9296875,-1.023438,18.53125,33.9375,27.57812,24.64844,3.867188,-7.382812,-22.78906,-40.14844,-21.5625,-6.648438,-7.625,-17.89844,-0.78125,-19.11719,0.6875,11.92969,-23.27344,-48.46094,-50.41406,-41.85938,-31.82812,-28.16406,-41.60938,-29.875,-11.29688,-14.46875,-46.01562,-53.83594,-30.11719,-18.63281,-29.63281,-31.82812,-1.515625,-37.94531,-53.59375,-46.5,-16.91406,19.02344,38.09375,21.46875,-11.29688,-6.40625,-5.429688,7.046875,25.86719,13.39844
-24.42969,-18.07031,-18.32031,-23.20312,-138.6094,-291.1797,-371.125,-383.1094,-380.1719,-381.3984,-363.7891,-366.9688,-340.3203,-342.7656,-328.5859,-384.5781,-332.25,-148.6328,-81.88281,-44.96875,-24.91406,-15.38281,4.664062,32.78125,9.554688,-24.42969,-20.75781,-17.09375,-25.89844,1.484375,24.71875,9.804688,3.445312,1.734375,-2.421875,-2.671875,-0.9609375,5.15625,-2.179688,19.33594,11.26562,-12.20312,-16.35938,-18.80469,-23.69531,-4.382812,-4.867188,0.5078125,19.57812,35.47656,3.929688,-3.15625,-18.07031,-42.03125,-7.3125,-9.023438,-18.32031,15.17969,34.00781,37.92188,22.75781,25.69531,49.16406,21.28906,10.78125,3.6875,-1.203125,-17.09375,-27.35938,-12.69531,-2.421875
-26.86719,-26.38281,-21,-54.98438,-44.96094,-70.88281,-172.1016,-293.8594,-345.4531,-343.7422,-341.5391,-359.3906,-229.0703,-101.6875,-50.10156,-38.85156,-37.38281,-42.03125,-27.85156,9.804688,0.515625,-17.09375,-61.58594,-20.51562,2.710938,-35.17969,-4.375,-3.890625,-39.09375,-18.07031,-16.10938,-33.96094,-39.33594,11.27344,-33.22656,-39.58594,2.960938,-14.39844,-30.29688,-1.195312,5.890625,-11.21875,-30.04688,-30.04688,-29.80469,-27.85156,-2.179688,22.51562,15.17969,-25.89062,-15.13281,-5.84375,11.75781,31.07812,9.070312,0.265625,-39.09375,-38.35938,-15.38281,-6.820312,-0.7109375,-0.21875,14.9375,13.22656,-9.265625,-25.89062,-35.91406,-39.58594,-21.97656,12.74219,14.9375
22.75,21.53125,-12.70312,-157.9297,-238.8594,-282.8672,-300.2266,-286.7812,-291.9141,-305.1172,-238.6172,-83.60156,-18.8125,-17.10156,-2.671875,9.0625,-1.945312,-22.47656,-5.117188,-2.671875,-6.34375,-1.210938,-5.367188,4.414062,3.679688,14.19531,28.61719,41.33594,11.25781,15.17188,23.73438,19.82031,-13.92188,-21.99219,-21.01562,12.48438,50.13281,13.95312,-7.5625,-10.00781,5.640625,9.546875,5.148438,-15.63281,-8.789062,25.44531,13.70312,-33.23438,9.546875,27.15625,10.53125,5.640625,35.95312,29.84375,24.95312,17.13281,14.4375,14.92969,29.60156,0.5,-25.17188,9.546875,8.328125,3.4375,33.02344,58.20312,33.75781,14.6875,9.0625,7.59375,18.35156
18.77344,4.59375,-13.74219,-112.2734,-231.5938,-294.1797,-289.5391,-314.2344,-330.8594,-296.625,-196.3828,-47.24219,4.59375,-1.765625,-6.40625,-31.35156,-18.63281,-32.57031,-30.61719,-4.210938,19.01562,21.46094,-8.851562,-27.1875,-18.875,18.03906,7.53125,40.04688,26.35156,3.125,-28.90625,-48.46094,-50.42188,-50.42188,-42.10938,-23.52344,-4.945312,19.26562,-3.71875,-63.13281,-86.85156,-57.50781,-61.90625,-63.375,-47.48438,-39.17188,-27.1875,-25.72656,-35.25781,-20.83594,-24.5,-20.10156,-27.4375,-3.226562,10.95312,6.546875,3.367188,2.640625,4.59375,-24.5,-25.23438,-2.984375,-10.07812,-30.125,-23.28125,-11.54688,1.90625,-18.63281,-18.14844,-22.54688,-35.99219
-24.85938,-23.39062,-15.07812,-38.0625,-67.15625,-138.3047,-179.625,-128.0391,-36.83594,-4.320312,-6.523438,-1.632812,22.57812,22.08594,13.53125,32.10938,20.375,20.13281,7.65625,5.460938,29.42188,45.80469,31.61719,28.19531,42.375,41.89062,5.21875,13.77344,8.148438,31.13281,37.24219,-18.74219,-18.25781,-7.007812,1.304688,-40.25781,-10.92188,-4.320312,-3.101562,11.08594,7.90625,-17.03125,-4.8125,-34.64062,-31.46094,-7.5,-12.875,-20.70312,-38.54688,0.5703125,2.523438,6.929688,19.64062,-1.140625,9.125,-2.851562,26,24.53125,14.75,56.3125,13.77344,-24.85938,-32.67969,-12.63281,-15.07812,-30.72656,28.92969,24.03906,-7.257812,5.945312,8.640625
-11.25,7.085938,-8.5625,-68.21875,-160.1484,-211.9844,-280.1953,-291.4453,-245.2344,-231.2969,-196.5781,-319.3203,-440.8359,-308.5625,-150.125,-49.63281,-27.63281,-7.09375,28.11719,26.40625,40.82812,29.33594,31.53906,54.52344,41.32031,20.53125,8.3125,9.289062,4.15625,-1.960938,3.90625,48.64844,26.64844,-4.890625,30.80469,23.46875,-10.27344,-0.984375,-45.47656,-41.8125,-45.47656,-31.78906,-30.07812,-6.117188,17.10938,-6.117188,-11.25,-0.984375,3.664062,5.132812,-12.71875,-55.50781,-56.23438,-31.29688,-13.69531,10.50781,-16.875,-20.53906,-14.91406,-19.32031,-2.9375,-5.867188,-8.070312,17.84375,-1.710938,6.601562,19.07031,-11.74219,-14.91406,-1.46875,3.171875
-18.99219,3.007812,2.765625,-22.41406,-107.9922,-243.4453,-303.5859,-329.2656,-360.5547,-383.7812,-392.8281,-267.4062,-135.375,-85.98438,-36.59375,-23.64062,5.210938,9.125,3.5,9.125,2.03125,-3.59375,34.79688,-0.1640625,15.96875,11.57031,-25.10938,-3.59375,-32.19531,-40.75,-2.859375,31.125,5.945312,0.8125,7.898438,26.24219,3.257812,-8.234375,-0.65625,-13.85938,-16.54688,-1.390625,6.921875,11.8125,-21.4375,-36.10938,-21.92969,-11.17188,-20.46094,-7.992188,-12.88281,3.257812,23.54688,14.75,16.46094,20.36719,26.72656,-9.460938,-3.835938,14.75,6.921875,28.92969,-0.8984375,-16.54688,-5.789062,-4.570312,-0.1640625,18.17188,28.92969,21.83594,26.24219
8.210938,4.789062,-16.96875,-37.50781,-37.50781,-35.55469,-89.34375,-149.7344,-134.5781,-94.47656,-37.26562,8.703125,19.94531,37.55469,14.8125,-4.992188,-25.28125,8.210938,7.476562,16.52344,5.03125,8.945312,21.17188,7.234375,-27,-12.57031,-13.79688,-6.460938,19.94531,-3.28125,23.36719,30.70312,26.54688,4.296875,-8.171875,11.88281,29.48438,9.921875,-17.70312,-18.19531,-25.53125,-5.476562,-1.320312,5.28125,21.17188,-30.90625,0.6328125,12.85938,-4.75,16.28125,-4.75,-8.414062,8.210938,-4.75,-31.15625,-18.92969,-16.96875,-27.48438,-18.4375,0.875,-9.148438,5.28125,39.75,20.19531,-6.210938,32.41406,12.85938,-23.32812,-7.921875,-2.304688,-25.53125
10.77344,-2.1875,4.664062,-85.3125,-223.9453,-334.4609,-361.8438,-356.4609,-358.1719,-353.2891,-394.8516,-308.0547,-155.4844,-41.0625,-25.41406,-8.539062,13.70312,27.15625,23.48438,2.460938,-18.57031,-61.10938,-33.48438,15.90625,3.4375,-8.789062,25.44531,-4.382812,-7.8125,-1.695312,11.99219,9.0625,-3.40625,14.4375,14.19531,20.0625,0.015625,-10.98438,-40.82031,-62.33594,-73.33594,-10.74219,-6.828125,3.929688,29.35156,-7.320312,-41.54688,-26.39062,5.882812,19.08594,29.35156,25.19531,1.234375,-8.789062,4.90625,7.101562,2.945312,14.4375,11.99219,10.28125,11.01562,20.55469,13.95312,7.835938,-18.32031,-10.25781,-23.21094,-2.671875,-7.5625,-7.5625,-4.140625
18.50781,-14.99219,-14.01562,-33.32812,-174.6484,-330.1484,-370.7344,-392.7422,-434.5469,-440.1719,-403.7422,-398.6094,-392.25,-358.0234,-250.6875,-146.2891,-75.14062,-23.54688,12.64062,14.83594,6.039062,23.39844,0.65625,16.79688,48.82031,44.17969,9.945312,2.125,2.367188,-1.539062,2.859375,12.14844,47.60156,19.97656,-2.273438,4.078125,34.64062,18.01562,-3.257812,10.92969,50.78125,47.35938,12.88281,23.88281,0.171875,-19.88281,11.90625,1.148438,-1.054688,-19.39062,-6.921875,-24.52344,-1.296875,39.28906,41.24219,52.97656,35.86719,20.21875,13.85938,-5.945312,-18.17188,10.4375,-12.29688,17.28125,38.0625,19.97656,27.30469,21.19531,-7.65625,-24.28125,-14.01562
13.70312,13.94531,17.36719,-59.40625,-197.5469,-317.5938,-371.3828,-347.6641,-355.2422,-353.2891,-358.6719,-378.7188,-374.0703,-344.2422,-189.4766,-57.69531,-38.61719,-57.69531,-33.97656,-24.4375,-35.6875,-15.39062,-8.054688,-1.703125,-10.75,-33.48438,-31.28906,0.5,24.94531,25.19531,-1.210938,12.72656,44.75,-3.171875,-38.375,-1.453125,-5.859375,-0.4765625,11.74219,-0.96875,-1.945312,8.320312,-9.28125,23.72656,21.28125,33.50781,25.67969,11.5,-4.148438,-5.859375,1.71875,9.789062,33.75,24.46094,3.1875,-9.039062,-6.34375,-8.546875,-20.77344,-75.29688,-71.38281,-45.95312,-7.328125,12.23438,0.7421875,-13.67969,-39.84375,0.2578125,17.125,5.875,-6.59375
50.22656,38,26.26562,-95.98438,-248.0625,-369.5781,-451.2422,-479.3594,-427.5234,-328.0156,-373.25,-227.0391,-78.38281,-25.32812,-14.8125,6.703125,7.4375,-29.72656,-54.42188,-3.5625,31.89062,15.01562,-21.89844,-7.71875,4.257812,-27.77344,18.19531,30.17969,19.66406,23.57812,17.46094,-20.1875,-8.453125,4.5,3.523438,0.34375,0.34375,-22.39062,1.8125,9.148438,-20.1875,-9.921875,-3.5625,-13.58594,-33.14844,4.015625,-5.765625,-28.99219,-26.30469,-26.54688,1.328125,4.992188,-5.273438,-28.99219,-13.83594,-18.96875,-22.88281,-0.875,11.59375,-6.5,-24.34375,-16.28125,19.66406,1.8125,-20.67969,0.34375,-15.78906,-2.34375,18.4375,3.039062,15.99219
-24.82812,-27.27344,-19.9375,-28.74219,-147.3281,-319.2031,-387.4219,-411.1406,-363.7031,-309.6719,-129.4766,-42.67969,-34.125,-35.58594,-16.51562,-40.72656,-48.05469,-3.070312,21.625,13.07031,-8.9375,14.04688,9.398438,9.640625,20.64844,27,-37.78906,-43.41406,16.97656,40.69531,32.86719,51.21094,33.85156,6.710938,9.398438,13.07031,-5.515625,-12.11719,4.507812,6.21875,-11.14062,-13.33594,-16.51562,-5.273438,9.398438,19.67188,-4.046875,-62.96875,-3.3125,35.5625,40.69531,26.27344,25.04688,15.50781,5.976562,6.710938,-46.10156,-49.52344,6.21875,11.35156,38.49219,52.92188,6.46875,-17.25,-24.09375,-16.51562,-3.070312,-1.601562,19.17969,9.15625,12.82031
-13.60938,-30.96875,-20.69531,-34.63281,-140.9922,-274.7266,-347.1016,-446.6094,-573.75,-616.5391,-614.0938,-672.5312,-687.4453,-480.3516,-204.0703,-65.19531,-30.71875,-18.25,5.46875,12.55469,11.82031,-6.515625,-14.58594,11.08594,5.953125,-20.45312,-18.74219,-11.40625,19.39844,12.79688,-11.40625,-8.960938,7.179688,5.710938,-13.11719,1.0625,11.57812,-5.539062,-14.58594,-23.63281,-11.40625,4.484375,-19.96094,-12.14062,7.421875,12.55469,3.507812,-7.492188,5.46875,35.04688,31.38281,-10.42969,-34.39062,-27.29688,-2.601562,-6.273438,16.71094,-0.40625,3.75,-20.9375,-30.71875,-17.51562,-26.32031,-4.070312,8.890625,18.17969,36.03125,-4.070312,-16.78125,7.914062,-21.92188
57.57031,57.07812,-1.84375,-70.79688,-137.7891,-125.5625,-59.54688,-28.25,-44.63281,-12.60156,-8.9375,-6.242188,-20.42969,7.445312,36.05469,6.46875,16.25,25.04688,-0.625,20.40625,20.16406,22.60156,27.98438,11.35938,-12.35938,7.203125,53.16406,34.09375,20.16406,34.82812,47.29688,37.52344,16.49219,50.71875,12.09375,27.49219,18.44531,-11.625,11.35938,26.27344,21.38281,35.80469,35.32031,25.53906,46.8125,31.40625,24.07031,-6.242188,4.757812,34.34375,48.28125,40.45312,42.40625,44.60938,16.73438,19.91406,33.60938,13.07031,19.91406,25.53906,23.82812,10.86719,-2.335938,-1.109375,0.359375,4.023438,21.38281,41.67969,33.85156,33.35938,29.45312
10.63281,-13.07812,-25.0625,-60.51562,-219.9219,-294.5,-318.2109,-357.8203,-353.4219,-359.5312,-339.7266,-355.375,-356.6016,-247.3125,-129.2188,-34.35156,-8.921875,1.34375,-5.257812,-12.59375,-32.14844,-54.64844,-72.73438,-48.53125,-17.48438,0.125,8.1875,15.52344,-2.078125,-10.88281,17.48438,4.28125,-29.21875,-27.99219,-11.60938,-10.63281,26.28125,2.078125,-11.36719,-8.1875,35.82031,16.99219,-1.34375,7.945312,13.07812,31.17188,27.01562,-11.36719,-28.24219,11.61719,22.85938,13.57031,6.476562,-10.14844,-28.96875,-40.95312,-40.95312,-2.320312,-6.234375,-5.742188,-0.609375,-4.03125,0.609375,-10.14844,-3.296875,-1.101562,-8.679688,-16.01562,-4.765625,-2.320312,11.125
-5.90625,17.5625,6.5625,-93.19531,-275.3438,-367.2734,-379.2578,-368.7422,-334.7578,-333.0469,-392.4609,-381.4531,-365.0703,-454.5625,-471.1875,-344.0469,-258.2266,-179.5,-94.41406,-35.97656,-33.78125,-38.42188,-44.78125,-8.835938,-18.13281,3.875,-4.4375,-17.64062,-24,-60.1875,-56.03125,-64.09375,-54.07031,-73.63281,-60.91406,-43.80469,-23.26562,-8.109375,-19.84375,-34.51562,-29.625,13.40625,-26.92969,-25.95312,-18.86719,0.6953125,23.67969,-2.242188,-21.0625,-30.10938,-42.57812,-14.95312,-26.6875,-40.13281,-24,5.585938,-7.125,-24.48438,-17.64062,-14.21875,-36.96094,-7.617188,9.742188,-3.460938,-3.460938,5.09375,2.648438,-33.78125,-15.92969,-7.375,-27.66406
25.58594,10.42188,-6.445312,-90.55469,-183.7031,-281.5078,-372.2109,-435.2969,-436.2734,-352.6562,-161.7031,-40.42969,-4.242188,-11.09375,17.51562,-2.773438,-35.29688,-25.75781,-25.75781,-43.36719,-30.40625,-10.84375,-44.82812,-7.664062,15.07031,33.89844,7.984375,10.67188,22.64844,5.046875,-9.625,-21.11719,1.625,13.35938,-6.6875,2.359375,3.09375,-5.953125,-0.3359375,3.578125,1.867188,-3.757812,-11.09375,-20.625,-20.625,-5.21875,-11.82031,-5.953125,-10.84375,-10.35938,-20.86719,12.38281,45.875,35.85156,40.98438,44.16406,47.34375,24.35938,15.5625,3.09375,23.38281,-5.710938,10.91406,17.51562,17.51562,40.98438,51.74219,41.47656,2.84375,15.80469,-4.734375
-70.94531,-63.11719,-24.24219,-149.4297,-336.7109,-368.0078,-346.9844,-345.0312,-340.1406,-366.2969,-290.2578,-149.4297,-56.76562,-21.07031,-33.28906,-24.73438,-1.75,-0.7734375,-12.26562,-23.26562,-24.97656,-16.66406,4.601562,4.359375,-15.20312,-39.64844,-58.71875,-27.91406,-25.96094,-8.351562,19.51562,47.14844,-1.507812,5.828125,28.5625,37.85938,12.67188,-25.71094,-22.53125,-6.882812,-13,-10.55469,11.45312,-2.976562,-29.86719,-8.84375,19.03125,32.96875,33.94531,15.11719,17.32031,8.273438,7.296875,2.648438,-5.171875,-21.79688,-40.38281,-52.85156,-44.04688,-21.3125,-31.33594,-33.53906,-46.98438,-53.82812,-15.20312,-15.44531,-33.53906,1.914062,13.89844,-0.28125,-3.710938
-24.57812,-17.24219,-15.03906,-83.25781,-226.2891,-286.9219,-334.8438,-348.0469,-369.5625,-389.3672,-359.0469,-343.1562,-326.0391,-239,-113.0859,-50,-21.88281,16.99219,8.921875,13.07812,-15.77344,-2.328125,13.32031,6.71875,2.078125,-8.679688,36.30469,42.41406,24.8125,18.94531,9.65625,23.34375,47.30469,38.01562,57.32812,23.59375,-9.171875,20.17188,8.1875,-2.078125,56.60156,38.99219,27.75,-5.507812,-17.24219,-5.015625,-8.929688,-17.48438,-25.55469,-22.86719,-13.32812,4.523438,39.48438,49.75,56.60156,41.19531,24.07812,17.47656,32.88281,10.875,14.29688,24.32812,6.476562,3.296875,22.36719,36.30469,13.32031,22.36719,30.19531,10.14062,22.60938
-8.15625,-20.38281,-9.375,-21.10938,-19.39844,-109.8672,-264.3906,-346.2969,-340.4297,-325.7578,-344.8281,-326.9766,-342.1406,-342.625,-363.4141,-352.6562,-288.1016,-123.8047,-43.60938,-45.80469,-33.33594,0.6484375,5.539062,-6.445312,-13.78125,1.867188,21.42969,-4.734375,-23.07031,9.695312,21.1875,29.25781,51.01562,44.41406,32.67969,12.875,19.47656,44.41406,15.5625,11.40625,24.60938,45.39062,34.63281,19.47656,12.38281,32.67969,17.27344,5.539062,6.023438,-14.50781,-17.9375,4.804688,-7.90625,-11.57812,14.33594,26.07812,-19.89062,-35.29688,-11.82031,-8.398438,-3.265625,-15,-13.04688,-20.13281,1.382812,18.5,3.09375,-2.289062,-17.44531,-30.89062,-12.79688
0.5234375,10.30469,-13.90625,-56.20312,-189.9453,-309.9922,-369.4062,-369.6484,-352.7812,-358.6484,-353.0234,-221.7266,-93.60938,-8.28125,12.25781,8.59375,13.23438,7.859375,-19.03906,-29.30469,-26.61719,-16.35156,-16.10156,-46.17969,-18.30469,-18.0625,-28.08594,-42.75781,-38.35156,-9.015625,20.07812,48.44531,25.70312,-0.703125,11.52344,6.632812,-10.23438,-18.79688,-46.42188,-50.08594,-41.77344,-39.82031,-8.28125,-14.88281,-17.07812,-29.79688,-41.53125,-37.86719,-29.79688,-34.4375,-57.67188,-34.92969,-24.90625,-33.71094,-37.13281,-28.82031,-19.28125,5.164062,-5.34375,-54.97656,-23.4375,-10.23438,-28.57031,-9.5,6.875,-9.257812,-20.50781,-16.83594,-15.85938,11.03906,4.921875
-30.27344,-18.04688,-5.085938,-106.3125,-280.3906,-338.3359,-385.2812,-385.2812,-348.6094,-307.0469,-315.6016,-350.0781,-358.6328,-359.125,-355.6953,-304.6016,-177.9453,-65.47656,-18.78125,-23.67188,-24.64844,-27.09375,-13.89062,11.29688,-1.421875,19.35938,12.75781,3.960938,-3.867188,-1.90625,-0.6875,10.3125,-3.867188,-13.39844,19.11719,-23.91406,0.78125,16.42969,37.69531,30.11719,-36.14062,-15.10938,4.203125,14.46875,9.828125,25.47656,-5.578125,10.80469,44.54688,40.39062,29.63281,11.29688,-0.1953125,17.40625,-1.421875,2.492188,3.46875,33.05469,17.40625,-27.33594,-28.80469,-9.734375,-2.15625,37.69531,31.58594,-2.890625,-24.15625,-18.78125,1.265625,10.3125,30.85156
38.07031,30.73438,-9.125,-30.88281,-30.88281,-41.39844,-31.61719,-24.03906,-37.24219,-64.13281,-169.5156,-381.4922,-430.6328,-469.7578,-395.9141,-195.4297,-65.35938,-10.83594,-39.4375,-6.921875,-5.695312,14.10938,29.75781,15.08594,-10.58594,-6.429688,0.171875,-16.45312,-12.29688,3.351562,-12.05469,-26.48438,16.0625,11.17188,-13.28125,32.92969,2.617188,-23.30469,-32.10156,-44.08594,-25.99219,-11.5625,-29.65625,-24.76562,-12.05469,7.507812,12.88281,-7.40625,21.4375,26.08594,-4.71875,24.61719,13.61719,14.83594,-27.46094,-31.125,-16.70312,21.19531,9.460938,-22.8125,14.83594,3.59375,-1.296875,-11.32031,-1.789062,28.03906,5.796875,-18.16406,-6.429688,10.4375,13.125
-8.015625,-7.523438,3.476562,-107.0391,-202.6328,-289.6797,-306.5469,-334.6641,-338.5781,-334.6641,-361.8047,-401.1641,-389.1875,-236.8672,-78.67188,-41.50781,-49.57812,-21.95312,-41.02344,-47.86719,-40.53125,-38.57812,-4.59375,12.52344,13.99219,7.148438,-21.95312,-11.19531,-12.17188,4.703125,16.4375,31.59375,11.30469,15.94531,13.01562,-6.789062,29.39062,52.86719,39.66406,40.15625,35.99219,53.10938,49.6875,54.08594,36.97656,2.5,14.96875,9.59375,-14.85938,-14.36719,14.23438,10.8125,29.64062,31.35156,26.70312,26.46094,34.77344,28.66406,17.90625,32.08594,-1.898438,1.523438,10.8125,6.164062,24.25781,0.7890625,-0.6796875,5.1875,11.54688,29.88281,27.67969
11.14844,25.32812,14.07812,-100.1016,-232.6172,-261.7109,-361.4688,-471.25,-315.5078,-122.8359,-40.92969,-24.30469,-23.08594,-3.523438,19.70312,26.0625,15.54688,13.10156,11.88281,-8.90625,-26.50781,-2.789062,9.1875,59.55469,48.0625,31.92969,9.1875,-38.97656,-58.28906,-20.88281,-2.304688,9.921875,1.125,42.6875,17.5,1.609375,21.17188,45.61719,20.4375,14.32031,35.59375,-6.460938,0.6328125,-9.632812,-26.50781,-26.26562,-8.90625,13.34375,40.48438,28.25781,1.125,-13.54688,-5.234375,5.765625,16.76562,37.55469,58.33594,47.82031,52.46875,56.375,31.67969,18.72656,13.59375,22.14844,21.90625,34.375,-13.54688,-13.30469,2.34375,8.945312,10.16406
-13.46094,-26.42188,-14.4375,-33.26562,-38.39844,-47.9375,-30.08594,-46.22656,-138.3984,-230.8203,-269.6953,-292.6797,-269.9375,-288.5234,-283.1406,-257.2266,-147.4453,-29.60156,6.585938,26.14844,23.70312,6.828125,0.71875,30.54688,22.96875,-0.2578125,39.10156,44.72656,38.61719,14.89844,-7.59375,0.71875,15.14062,22.96875,36.65625,24.1875,-8.328125,8.296875,22.72656,-30.33594,9.765625,35.67969,34.21875,28.10156,-1.484375,-23.24219,-54.29688,-16.39844,28.10156,3.65625,9.273438,9.765625,24.4375,32.01562,-7.835938,2.921875,4.632812,-1.726562,20.28125,1.453125,-19.57812,-17.61719,12.69531,52.55469,67.21875,63.79688,51.82031,7.078125,-39.625,-22.75,-10.77344
-23.78906,-25.25781,-20.85156,-101.5391,-225.5,-302.2734,-323.5391,-321.8281,-355.3281,-350.6797,-354.3516,-337.7266,-328.9219,-356.3047,-344.3281,-236.7422,-93.96094,-14.00781,-10.09375,-33.07812,-17.92188,-33.32031,-2.023438,21.44531,6.039062,-6.1875,-19.38281,-25.74219,-41.88281,-39.1875,-47.5,-49.21875,-12.05469,-16.94531,-10.58594,-7.40625,-4.226562,9.460938,2.375,-6.671875,-28.1875,-22.32031,-2.273438,16.0625,10.44531,18.75781,3.84375,23.64844,30.73438,-8.625,-3.742188,9.710938,-2.757812,-42.61719,-31.36719,-12.78125,-13.76562,-25.98438,-20.60938,-24.03125,13.375,19.49219,18.26562,22.17969,-33.57031,-20.11719,16.79688,23.39844,-12.05469,-41.14844,-29.89844
-39.17969,-36.24219,-21.08594,-43.82812,-153.8516,-271.9453,-326.4609,-329.1562,-331.3516,-355.3125,-377.5625,-394.6797,-411.7969,-278.5469,-106.6641,-42.10938,-20.35156,1.164062,-20.10938,-1.039062,-7.148438,23.41406,15.83594,-34.78125,-51.15625,-26.95312,16.07812,-15.71094,3.609375,20.96875,42.96875,27.32812,25.85938,29.03906,12.89844,0.1875,11.92188,40.53125,22.1875,-6.171875,-29.39844,-15.95312,29.28125,36.85938,3.851562,8.984375,5.8125,14.125,17.05469,10.21094,-4.460938,-29.64062,-35.02344,17.05469,16.8125,2.875,-1.773438,-2.507812,-18.39844,3.367188,10.69531,15.34375,17.54688,14.125,15.58594,19.25781,-1.523438,7.523438,-3.234375,-5.929688,9.71875
-8.585938,12.67969,-6.875,-27.90625,-68.73438,-154.0625,-294.6562,-345.0156,-328.6406,-318.6094,-356.5078,-306.875,-137.4375,-44.53125,-14.70312,-18.61719,-20.57031,-37.19531,-26.67969,-27.17188,-23.01562,-40.61719,-48.6875,-32.0625,-42.57812,-1.257812,23.6875,35.66406,20.50781,0.703125,-18.85938,-45.01562,-38.90625,-28.14844,7.0625,17.57031,-17.14844,-12.01562,8.523438,-1.5,4.125,8.039062,14.64062,-9.570312,-22.28125,5.835938,-13.23438,-7.859375,9.015625,20.99219,-7.609375,-5.65625,27.10938,17.57031,0.4609375,-22.28125,-3.945312,-23.75,-72.40625,-54.3125,-16.65625,-7.367188,-35.72656,-37.92969,-22.28125,-19.83594,-34.25781,-38.90625,-37.6875,-34.01562,-7.125
0.453125,-22.52344,-16.65625,-67.02344,-202.9688,-296.8516,-334.0156,-359.6875,-326.6797,-344.5312,-376.5625,-367.0234,-362.1328,-270.2031,-82.1875,-33.53125,-45.26562,-44.03906,-5.414062,11.94531,6.320312,2.414062,15.85938,33.46094,15.36719,-0.28125,15.125,-1.007812,-26.4375,1.4375,-6.632812,0.703125,6.078125,0.2109375,6.570312,12.92188,9.5,3.632812,20.01562,10.23438,2.414062,-43.55469,-19.35156,15.36719,40.79688,24.41406,24.90625,21.72656,4.859375,14.64062,-6.875,4.859375,0.9453125,15.61719,2.65625,-4.679688,-5.898438,21.96875,1.1875,-3.703125,20.50781,23.4375,40.55469,27.10938,14.14844,43.48438,31.75,15.85938,-5.65625,-10.30469,-3.210938
-5.382812,12.71094,11.49219,-37.41406,-47.4375,-167.9766,-284.1094,-308.0703,-300,-339.125,-364.0625,-340.5859,-324.6953,-206.1172,-93.64844,-21.03125,17.10938,23.46875,7.085938,-0.4921875,9.289062,43.03125,5.375,-8.5625,4.890625,19.07031,6.351562,-5.625,4.640625,29.09375,29.57812,-2.695312,-51.83594,-40.10156,7.085938,13.6875,7.085938,2.6875,-5.625,14.17969,-4.15625,-22.74219,-27.63281,-5.625,-6.601562,-27.14062,-19.80469,-6.851562,-28.36719,-23.96094,0.734375,-30.32031,-66.50781,-58.67969,-41.57031,-4.648438,11.49219,11.49219,-30.07812,-27.38281,5.375,5.867188,-32.03125,-41.07812,-42.78906,-55.25781,-37.89844,-6.601562,-16.38281,-37.65625,4.890625
13.69531,20.54688,-2.679688,-105.8594,-202.4375,-283.3672,-378.2344,-376.2734,-363.0703,-419.7969,-410.2656,-282.1484,-152.5625,-28.84375,-0.234375,15.89844,23.71875,5.632812,22.25781,16.39062,11.74219,-0.7265625,12.47656,3.671875,-5.617188,-9.53125,-6.835938,-21.50781,-28.60156,-22,-31.78125,16.14062,2.9375,-39.35938,-12.46094,-15.64062,-39.84375,-19.79688,-26.64062,-23.71094,-33,-45.22656,-48.89062,-66.74219,-78.47656,-36.42188,-22.48438,-52.80469,-21.26562,-18.82031,-38.625,-74.5625,-54.51562,-43.51562,-46.44531,-24.92969,-36.67188,-15.64062,-31.28906,-29.33594,-25.42188,-20.77344,-10.75,-24.92969,-22.48438,-12.46094,-18.57812,-16.61719,-7.570312,-15.88281,-19.3125
18.28906,34.17969,-6.15625,-31.82812,-66.30469,-120.8281,-142.1016,-134.5234,-149.6797,-155.0625,-164.5938,-162.1484,-176.0859,-182.1953,-162.8828,-196.625,-194.1797,-142.1016,-150.1719,-157.2578,-180.7344,-193.2031,-202.25,-184.6406,-82.92969,-26.94531,-17.89844,3.867188,39.07031,29.28906,13.39844,8.023438,-27.42969,-4.9375,-24.25,-41.60938,-5.914062,-27.92188,-9.585938,-9.585938,-15.9375,-11.04688,-0.5390625,-12.75781,4.601562,-21.07031,-39.16406,-25.96094,-33.78906,-20.09375,-28.65625,22.9375,19.51562,-11.04688,-10.07031,-3.46875,28.80469,20.97656,9.242188,-9.335938,-5.914062,-22.53906,-16.42969,-9.09375,0.4453125,-30.85156,-14.46875,-4.445312,11.92969,21.46875,59.125
-5.890625,-11.03125,-11.03125,-40.85938,-62.85938,-57.72656,-54.0625,-38.65625,-76.55469,-132.7891,-107.8516,-60.41406,-58.21875,-52.10156,-46.23438,-26.92188,-17.38281,-31.07812,-26.1875,-20.5625,-22.51562,-28.39062,-0.7578125,11.46875,1.929688,-35.96875,-22.51562,-6.140625,2.90625,-26.92188,-36.45312,-1.492188,26.13281,20.26562,36.16406,26.38281,13.66406,-21.05469,-31.5625,5.109375,-13.71875,-36.70312,-8.09375,-17.875,-34.25781,-0.515625,-1,-45.99219,-46.23438,-29.85156,-36.45312,-40.36719,-17.14062,-4.429688,-18.35938,-45.99219,-29.36719,-23.74219,-23.74219,-53.07812,-61.64062,-29.85156,-50.39062,-62.375,-37.92188,-64.82031,-38.89844,-11.27344,-34.25781,-32.29688,-61.64062
-10.91406,25.27344,8.648438,-89.88281,-158.1016,-125.5781,-64.45312,-16.78125,4.25,-8.953125,-26.3125,-19.46875,-38.78125,-8.21875,-14.33594,-1.867188,0.09375,-15.80469,-4.796875,4.984375,9.625,14.51562,42.14844,4,-3.328125,-0.8828125,28.94531,57.30469,52.90625,18.91406,22.82812,2.539062,-28.51562,-11.89062,-12.625,2.78125,8.40625,9.875,-0.640625,-11.39844,5.71875,10.11719,7.671875,-20.44531,-7.242188,-0.3984375,-6.023438,9.140625,-14.57812,-14.82031,2.289062,39.70312,38.23438,22.34375,16.71875,-15.55469,-24.84375,-19.22656,-16.28906,6.445312,2.046875,-10.91406,15.00781,-21.42188,-17.51562,28.45312,43.36719,28.94531,36.52344,5.960938,-23.38281
-29.03125,7.640625,7.148438,-75.97656,-156.1719,-163.0234,-142.4844,-116.3203,-66.19531,-2.382812,-10.21094,-13.14062,18.88281,2.75,-32.70312,-14.85156,-8.25,-2.632812,-16.8125,-48.83594,-35.14844,-8.5,-11.92188,3.242188,32.82031,24.50781,-16.07812,-41.99219,5.195312,20.10938,16.6875,45.78125,45.28906,-7.765625,-13.63281,0.546875,8.375,-9.960938,6.171875,5.195312,-25.36719,-42.72656,-10.45312,3.96875,8.859375,4.953125,-9.71875,-39.79688,-11.92188,-27.32031,-30.01562,-38.8125,-15.83594,-2.140625,-16.8125,-25.60938,-38.32812,-37.83594,-44.19531,-29.76562,-25.85938,-48.10938,-47.61719,-28.54688,-23.65625,-50.30469,-55.19531,-26.34375,-27.07812,4.21875,-11.42969
-46.91406,-10.72656,-10.72656,-51.07031,-120.0156,-142.0234,-161.8281,-194.1016,-199.2344,-155.7109,-155.9609,-161.3359,-149.8438,-166.2266,-173.3203,-134.4453,-144.2188,-140.0625,-97.76562,-62.07031,-43.73438,-35.90625,-63.53906,-72.58594,-18.79688,-1.921875,7.125,-49.10938,-43.24219,-23.19531,-18.30469,-8.773438,27.90625,14.21094,-12.67969,-3.148438,7.859375,40.375,28.88281,14.70312,-14.88281,-6.078125,-5.101562,3.453125,1.257812,7.367188,-5.835938,22.77344,26.67969,-4.125,-0.9453125,-4.617188,-9.992188,-14.39062,6.632812,-20.99219,-41.04688,-5.101562,16.89844,0.5234375,11.03125,5.414062,-20.75,-22.21875,9.078125,13.96875,16.41406,16.65625,-0.703125,-3.882812,21.0625
34.63281,41.72656,0.890625,-66.83594,-203.0156,-281.9922,-290.0625,-333.3359,-490.0625,-516.4688,-397.8828,-192.2578,-50.45312,-27.96094,-17.20312,-23.3125,-4.734375,1.140625,22.40625,-7.421875,-25.26562,-5.953125,10.67188,3.578125,4.5625,7.492188,14.58594,-4,-46.29688,-33.09375,-5.710938,-1.554688,14.33594,15.80469,14.33594,7.984375,32.42969,-4,-23.80469,-28.20312,-5.710938,10.91406,22.40625,41.72656,19.47656,9.695312,3.578125,13.60938,-14.50781,-3.507812,15.5625,-4.242188,-11.08594,-19.15625,-9.867188,-15,26.5625,13.85156,15.32031,-18.91406,-30.40625,-18.91406,4.804688,32.92188,17.03125,1.382812,7.25,23.875,10.67188,18.00781,14.33594
39.07812,54.97656,-16.90625,-155.0469,-241.1172,-276.3203,-314.4609,-359.9375,-361.4062,-454.8047,-451.1406,-330.3594,-233.0469,-80.72656,-2.242188,5.09375,10.96094,25.39062,-4.4375,1.1875,15.85156,24.41406,55.95312,31.99219,-2.242188,20.74219,19.76562,30.28125,18.05469,9.984375,8.03125,1.1875,16.34375,19.27344,34.67969,21.71875,28.8125,22.21094,15.85156,22.70312,39.57031,22.21094,3.140625,-0.28125,-17.15625,5.09375,-8.351562,9.742188,40.30469,31.25781,27.83594,43.48438,29.05469,18.29688,6.320312,7.054688,-6.882812,-19.60156,-11.03906,30.52344,37.85938,2.898438,-1.75,-11.77344,2.164062,-19.10938,5.585938,23.92188,8.515625,-23.02344,-13.97656
1.132812,17.02344,-11.58594,-50.46094,-36.03125,-29.42969,-25.76562,-33.10156,-71.48438,-186.6406,-258.7734,-269.5312,-317.2031,-420.1406,-435.2969,-502.5391,-525.7656,-512.8047,-543.125,-533.5859,-536.2734,-449.7266,-426.5,-424.2969,-385.9141,-346.0547,-335.7891,-346.3047,-301.3125,-278.3281,-278.8203,-267.5703,-302.7812,-305.4688,-329.1875,-317.2031,-278.8203,-270.0156,-291.5312,-377.8438,-520.1406,-579.3125,-571.9766,-553.3906,-560.2344,-559.75,-526.0078,-545.8125,-482.7344,-486.1562,-541.6562,-539.9453,-519.8984,-493,-506.2031,-531.3906,-520.3828,-555.3516,-558.7734,-468.7969,-433.3438,-483.2188,-541.4141,-495.9375,-451.9219,-428.4531,-313.7812,-225.0312,-208.6484,-209.1406,-186.8906
11.85156,3.054688,9.898438,-65.89844,-239.9766,-346.5781,-342.1797,-386.9219,-414.5547,-390.1016,-388.1484,-323.8438,-152.9375,-71.76562,-35.57812,-22.86719,-15.28906,3.054688,10.63281,-10.14844,15.76562,-0.125,2.070312,-10.64062,-23.60156,-16.26562,3.78125,3.054688,-0.6171875,4.765625,9.65625,39.96875,31.65625,33.61719,16.25781,0.8515625,5.007812,19.42969,20.16406,11.60938,0.8515625,-34.10938,-3.546875,-3.304688,-38.02344,-34.10938,9.40625,47.30469,75.66406,26.28125,5.007812,20.41406,18.94531,1.09375,13.07812,-7.460938,-10.39844,1.585938,12.58594,22.60938,3.054688,-5.015625,29.46094,20.65625,16.74219,-4.28125,-13.08594,-23.35156,-37.53906,-6.726562,-8.6875
16.57812,24.64844,-8.117188,-73.64062,-183.6641,-149.4375,-47.72656,-19.35938,-5.179688,-3.226562,-15.45312,-42.59375,-35.00781,-13.00781,-17.89844,-19.85156,-30.85156,-23.51562,2.398438,8.507812,-4.203125,-15.45312,2.15625,4.84375,4.351562,17.07031,-12.51562,11.6875,29.04688,20.97656,19.02344,33.9375,55.21094,39.07031,9,-4.203125,-0.78125,12.66406,13.39844,16.82031,5.328125,12.42188,21.22656,2.882812,-3.710938,-7.875,2.398438,-23.51562,-25.71875,-19.35938,-39.65625,-13.98438,25.13281,10.46875,-24.5,-39.89844,-13.00781,-37.21094,-25.96094,-4.445312,20,12.66406,-21.5625,-46.25781,-47.96875,-39.41406,-3.710938,-19.85156,-21.80469,-35.00781,-39.41406
43.17969,43.67188,-6.695312,-33.10156,-112.0703,-362.4375,-457.0625,-438.9688,-460.4844,-371.2422,-167.8203,-52.17188,-32.85938,-5.226562,-33.10156,-46.30469,-11.82812,-11.82812,-4.007812,5.289062,-5.46875,2.59375,44.89062,11.15625,-6.9375,-2.78125,12.61719,-2.046875,-33.10156,-31.875,-1.804688,15.0625,-21.11719,-6.203125,2.109375,-26.5,-33.83594,7.976562,19.46875,-12.80469,-11.34375,18,-3.757812,18,-23.07812,-31.39062,-12.5625,-10.11719,-2.046875,-36.03125,-22.58594,-20.63281,-27.96875,-38.47656,0.640625,7.734375,-8.648438,8.953125,-11.58594,-9.140625,10.42188,-14.51562,-18.92188,-11.82812,-17.21094,-6.453125,7.976562,19.46875,15.55469,25.33594,17.50781
-3.75,19.71875,13.36719,-121.3516,-269.0312,-329.1797,-332.6016,-307.9062,-292.5,-332.8438,-388.8359,-395.9297,-260.2266,-79.30469,3.828125,-5.460938,-8.148438,38.54688,42.70312,10.67188,17.27344,4.804688,17.52344,19.47656,8.476562,-14.75,-13.28906,5.054688,-3.015625,12.38281,34.63281,25.10156,1.382812,-21.10938,32.67969,46.375,38.05469,27.54688,20.94531,2.359375,-13.28906,-15.48438,-20.375,-27.95312,-22.33594,12.875,16.53906,9.9375,-8.882812,8.226562,12.38281,-21.10938,-39.9375,-16.46875,-11.57812,-6.929688,-16.71094,-0.5703125,-3.015625,11.40625,-24.28906,-25.26562,-33.57812,-35.53906,-45.80469,-60.71875,-36.26562,-31.38281,-29.42188,-35.04688,-7.90625
-30.82812,-10.28906,-12.24219,-22.75781,-103.4453,-235.2266,-286.5703,-316.1562,-295.8594,-300.75,-285.5938,-165.5469,-49.65625,4.625,29.07812,17.34375,-3.6875,-6.867188,-1.484375,26.875,14.16406,-33.02344,-21.53906,-3.6875,2.671875,20.27344,2.421875,7.804688,39.58594,50.10156,30.29688,32.98438,4.625,-16.89062,-4.421875,21.74219,13.91406,22.22656,21.00781,27.11719,22.71875,-10.28906,7.5625,41.78906,49.125,56.94531,76.50781,77.73438,63.79688,56.46094,49.61719,10.98438,3.40625,24.1875,20.51562,28.10156,41.29688,31.27344,35.1875,20.76562,-0.015625,1.445312,8.296875,-0.5078125,-2.460938,19.05469,10.49219,12.69531,8.78125,0.46875,-8.820312
-13.26562,-5.195312,7.765625,-43.57812,-180.2578,-347.4922,-432.5781,-399.0859,-358.25,-346.5156,-225,-60.45312,-3.484375,34.65625,34.65625,52.99219,23.41406,23.89844,9.960938,21.21094,12.65625,6.539062,17.53906,27.8125,25.125,25.125,10.9375,13.875,17.78906,13.38281,-4.460938,3.117188,25.125,0.671875,-7.148438,-2.015625,0.4296875,-32.33594,-59.96094,-31.35938,-25.24219,-19.61719,9.226562,-18.39844,-6.421875,10.69531,-4.21875,4.09375,-4.21875,12.40625,16.07812,-3.726562,-4.460938,-19.375,-35.75781,-39.42188,-8.375,21.94531,19.74219,-17.90625,-24.26562,-26.95312,-14,0.671875,24.14062,8.742188,-4.460938,-10.82031,12.40625,-5.195312,-32.82031
16.11719,13.1875,13.42969,-26.17969,-53.07031,-39.38281,-81.4375,-184.3672,-208.5703,-224.7109,-270.1875,-301.7266,-297.0781,-236.6875,-119.0859,-35.96094,-34,-40.35938,-26.91406,-16.15625,-7.84375,-48.91406,-80.70312,-39.86719,-8.328125,-17.375,-3.929688,-2.703125,-12.97656,-17.375,-34.97656,-51.35938,-63.34375,-27.64844,3.648438,9.273438,-14.92969,-27.15625,-21.77344,-13.71094,-29.10938,-37.17969,5.851562,24.4375,1.9375,6.828125,-6.859375,-50.14062,-45.73438,-40.11719,-3.4375,6.09375,-23.24219,25.65625,4.140625,-19.32812,-9.554688,34.46094,11.23438,-1.96875,30.30469,34.70312,22.71875,8.054688,23.70312,24.92188,32.5,17.58594,20.52344,28.83594,21.5
-28.17188,-9.34375,-14.96875,-32.57031,-67.53906,-190.0312,-367.7812,-429.1484,-377.0703,-340.8828,-337.2188,-364.8438,-333.7969,-345.2891,-347.9766,-207.3906,-54.33594,-8.367188,22.4375,-10.32031,-20.10156,-29.64062,-46.02344,-17.65625,5.078125,-22.79688,-28.90625,23.17188,0.921875,-4.945312,-1.28125,29.28125,-4.453125,-16.19531,-11.05469,-6.414062,-10.07812,-32.57031,-31.59375,25.85938,36.86719,23.66406,-3.96875,-42.10938,-26.46094,-25.72656,-21.57031,-15.94531,-19.85938,-12.52344,0.921875,-23.28125,-4.210938,-7.148438,18.03906,8.5,9.234375,-6.414062,2.148438,1.65625,23.41406,13.39062,21.46094,2.632812,-37.95312,-27.6875,-14.23438,-22.54688,21.70312,20.72656,-41.61719
13.73438,31.09375,0.7734375,-25.875,-21.96094,-81.61719,-217.5625,-285.7734,-290.4219,-296.7812,-282.3516,-299.2266,-312.9141,-321.2266,-282.5938,-138.8359,-24.40625,-10.46875,-49.34375,-66.95312,-50.07812,-32.71875,-9.25,11.78125,-16.09375,-24.89844,-18.78125,-9.492188,24.49219,12.02344,-19.51562,-14.625,8.359375,-18.29688,-37.36719,-33.69531,-37.125,-18.04688,4.195312,16.67188,-14.14062,-18.04688,-17.5625,0.2890625,4.195312,-8.023438,-0.4453125,11.28906,5.664062,-23.67188,-1.179688,-7.78125,9.578125,26.69531,30.11719,-25.875,-48.125,-28.5625,-30.52344,-13.89062,-25.14062,-25.63281,-32.96094,-1.421875,-16.58594,-19.51562,-9.492188,-42.00781,-51.30469,-40.29688,-29.78906
-30.22656,0.0859375,-9.695312,-122.1641,-265.9297,-344.6562,-376.6875,-372.0391,-372.7734,-332.4297,-325.8281,-360.5469,-344.6562,-334.3828,-348.5703,-281.5781,-99.17969,-6.757812,4.734375,2.53125,9.132812,20.625,38.71875,-22.89844,-14.58594,-7,-29.98438,-21.42969,9.375,14.51562,25.27344,4.492188,-8.226562,8.15625,-1.132812,-27.05469,-40.99219,-33.16406,-22.16406,-20.20312,6.6875,-27.05469,-28.76562,-5.289062,11.82031,2.289062,-13.35938,-30.47656,-5.78125,8.15625,-4.3125,13.28906,14.26562,4.734375,-16.53906,-17.51562,7.664062,4.976562,-18.49219,-6.265625,-13.85156,-0.890625,-0.6484375,-7.492188,10.35938,-1.382812,8.398438,11.09375,-4.070312,-8.46875,-20.9375
5.835938,18.0625,9.507812,-34.99219,-96.60938,-225.4531,-300.5156,-347.7031,-347.2188,-347.2188,-326.6797,-267.5078,-165.3125,-77.28906,-54.30469,-40.125,-48.4375,-17.63281,-1.007812,30.28906,21.48438,-4.671875,-19.34375,-48.19531,-40.125,-44.03906,-16.41406,16.84375,28.57812,13.90625,-6.140625,-12.00781,-23.99219,-18.60938,-40.125,-18.60938,1.4375,-9.8125,-23.5,-27.41406,-27.89844,-14.94531,-6.140625,-9.320312,10.72656,-12.25781,-31.32812,-10.29688,0.4609375,3.148438,18.0625,-5.898438,-12.25781,-2.71875,18.79688,29.3125,8.53125,-5.65625,25.64062,21.24219,29.3125,25.89062,15.61719,8.039062,1.4375,14.39844,30.04688,22.71094,-9.5625,29.3125,38.10938
-28.47656,-6.46875,6,-48.28125,-228.2266,-477.8594,-544.8516,-456.1016,-303.7812,-139.7188,-39.96875,8.445312,3.3125,-11.85156,23.35938,31.42969,18.71094,30.45312,14.07031,-0.109375,-16.49219,-5.492188,-3.046875,26.04688,26.53906,14.80469,6,-7.203125,9.179688,-0.84375,25.80469,41.69531,30.69531,28.49219,35.33594,-1.335938,1.84375,-15.75781,-28.47656,-20.40625,-15.75781,4.289062,-23.34375,-52.4375,-34.34375,-18.20312,-15.75781,-3.539062,-16.49219,-32.38281,-20.16406,-5.25,-27.5,-43.63281,-19.42969,8.9375,7.953125,-10.86719,-1.578125,2.578125,15.53906,39.98438,6.976562,28.98438,53.67969,21.40625,-1.820312,5.023438,0.6171875,-18.45312,-5.492188
